policy,bias_p1,bias_p2,equilibrium_id,equilibrium_name,convergence_time
epsilon_greedy,-2.0,-2.0,0,BI,41660
epsilon_greedy,-2.0,-1.8333333333333333,0,BI,52391
epsilon_greedy,-2.0,-1.6666666666666667,0,BI,52092
epsilon_greedy,-2.0,-1.5,0,BI,57578
epsilon_greedy,-2.0,-1.3333333333333335,0,BI,45643
epsilon_greedy,-2.0,-1.1666666666666667,0,BI,46061
epsilon_greedy,-2.0,-1.0,0,BI,30405
epsilon_greedy,-2.0,-0.8333333333333335,0,BI,57127
epsilon_greedy,-2.0,-0.6666666666666667,0,BI,46789
epsilon_greedy,-2.0,-0.5,0,BI,44431
epsilon_greedy,-2.0,-0.3333333333333335,0,BI,45278
epsilon_greedy,-2.0,-0.16666666666666674,0,BI,54482
epsilon_greedy,-2.0,0.0,0,BI,50916
epsilon_greedy,-2.0,0.16666666666666652,0,BI,51134
epsilon_greedy,-2.0,0.33333333333333304,0,BI,55498
epsilon_greedy,-2.0,0.5,0,BI,72105
epsilon_greedy,-2.0,0.6666666666666665,0,BI,62338
epsilon_greedy,-2.0,0.833333333333333,0,BI,73786
epsilon_greedy,-2.0,1.0,0,BI,78279
epsilon_greedy,-2.0,1.1666666666666665,0,BI,87920
epsilon_greedy,-2.0,1.333333333333333,0,BI,110837
epsilon_greedy,-2.0,1.5,0,BI,103952
epsilon_greedy,-2.0,1.6666666666666665,3,Mixed,-1
epsilon_greedy,-2.0,1.833333333333333,0,BI,110538
epsilon_greedy,-2.0,2.0,0,BI,111285
epsilon_greedy,-1.8333333333333333,-2.0,0,BI,49132
epsilon_greedy,-1.8333333333333333,-1.8333333333333333,0,BI,47741
epsilon_greedy,-1.8333333333333333,-1.6666666666666667,0,BI,46545
epsilon_greedy,-1.8333333333333333,-1.5,0,BI,57928
epsilon_greedy,-1.8333333333333333,-1.3333333333333335,0,BI,52430
epsilon_greedy,-1.8333333333333333,-1.1666666666666667,0,BI,47111
epsilon_greedy,-1.8333333333333333,-1.0,2,Coop,-1
epsilon_greedy,-1.8333333333333333,-0.8333333333333335,0,BI,54365
epsilon_greedy,-1.8333333333333333,-0.6666666666666667,0,BI,56658
epsilon_greedy,-1.8333333333333333,-0.5,0,BI,48446
epsilon_greedy,-1.8333333333333333,-0.3333333333333335,0,BI,45323
epsilon_greedy,-1.8333333333333333,-0.16666666666666674,0,BI,38688
epsilon_greedy,-1.8333333333333333,0.0,0,BI,58247
epsilon_greedy,-1.8333333333333333,0.16666666666666652,0,BI,63847
epsilon_greedy,-1.8333333333333333,0.33333333333333304,0,BI,53263
epsilon_greedy,-1.8333333333333333,0.5,0,BI,57216
epsilon_greedy,-1.8333333333333333,0.6666666666666665,0,BI,69431
epsilon_greedy,-1.8333333333333333,0.833333333333333,0,BI,86215
epsilon_greedy,-1.8333333333333333,1.0,0,BI,82536
epsilon_greedy,-1.8333333333333333,1.1666666666666665,0,BI,82010
epsilon_greedy,-1.8333333333333333,1.333333333333333,0,BI,89543
epsilon_greedy,-1.8333333333333333,1.5,0,BI,84359
epsilon_greedy,-1.8333333333333333,1.6666666666666665,0,BI,107818
epsilon_greedy,-1.8333333333333333,1.833333333333333,2,Coop,-1
epsilon_greedy,-1.8333333333333333,2.0,0,BI,121084
epsilon_greedy,-1.6666666666666667,-2.0,0,BI,46112
epsilon_greedy,-1.6666666666666667,-1.8333333333333333,0,BI,43936
epsilon_greedy,-1.6666666666666667,-1.6666666666666667,0,BI,46236
epsilon_greedy,-1.6666666666666667,-1.5,0,BI,56865
epsilon_greedy,-1.6666666666666667,-1.3333333333333335,0,BI,52465
epsilon_greedy,-1.6666666666666667,-1.1666666666666667,0,BI,50728
epsilon_greedy,-1.6666666666666667,-1.0,0,BI,57264
epsilon_greedy,-1.6666666666666667,-0.8333333333333335,0,BI,44734
epsilon_greedy,-1.6666666666666667,-0.6666666666666667,0,BI,47542
epsilon_greedy,-1.6666666666666667,-0.5,0,BI,52220
epsilon_greedy,-1.6666666666666667,-0.3333333333333335,0,BI,51957
epsilon_greedy,-1.6666666666666667,-0.16666666666666674,0,BI,39384
epsilon_greedy,-1.6666666666666667,0.0,0,BI,46845
epsilon_greedy,-1.6666666666666667,0.16666666666666652,0,BI,53790
epsilon_greedy,-1.6666666666666667,0.33333333333333304,0,BI,63030
epsilon_greedy,-1.6666666666666667,0.5,0,BI,66931
epsilon_greedy,-1.6666666666666667,0.6666666666666665,2,Coop,-1
epsilon_greedy,-1.6666666666666667,0.833333333333333,0,BI,74441
epsilon_greedy,-1.6666666666666667,1.0,0,BI,71956
epsilon_greedy,-1.6666666666666667,1.1666666666666665,0,BI,77555
epsilon_greedy,-1.6666666666666667,1.333333333333333,0,BI,85056
epsilon_greedy,-1.6666666666666667,1.5,0,BI,95029
epsilon_greedy,-1.6666666666666667,1.6666666666666665,2,Coop,-1
epsilon_greedy,-1.6666666666666667,1.833333333333333,0,BI,104739
epsilon_greedy,-1.6666666666666667,2.0,3,Mixed,-1
epsilon_greedy,-1.5,-2.0,0,BI,41234
epsilon_greedy,-1.5,-1.8333333333333333,0,BI,44184
epsilon_greedy,-1.5,-1.6666666666666667,0,BI,55798
epsilon_greedy,-1.5,-1.5,0,BI,60539
epsilon_greedy,-1.5,-1.3333333333333335,0,BI,60442
epsilon_greedy,-1.5,-1.1666666666666667,0,BI,46299
epsilon_greedy,-1.5,-1.0,0,BI,56923
epsilon_greedy,-1.5,-0.8333333333333335,0,BI,62799
epsilon_greedy,-1.5,-0.6666666666666667,0,BI,56551
epsilon_greedy,-1.5,-0.5,0,BI,54868
epsilon_greedy,-1.5,-0.3333333333333335,0,BI,40828
epsilon_greedy,-1.5,-0.16666666666666674,0,BI,54654
epsilon_greedy,-1.5,0.0,0,BI,48792
epsilon_greedy,-1.5,0.16666666666666652,0,BI,52324
epsilon_greedy,-1.5,0.33333333333333304,0,BI,64170
epsilon_greedy,-1.5,0.5,0,BI,75229
epsilon_greedy,-1.5,0.6666666666666665,0,BI,89043
epsilon_greedy,-1.5,0.833333333333333,0,BI,64199
epsilon_greedy,-1.5,1.0,0,BI,88930
epsilon_greedy,-1.5,1.1666666666666665,0,BI,89632
epsilon_greedy,-1.5,1.333333333333333,0,BI,99128
epsilon_greedy,-1.5,1.5,0,BI,96697
epsilon_greedy,-1.5,1.6666666666666665,0,BI,106355
epsilon_greedy,-1.5,1.833333333333333,0,BI,106311
epsilon_greedy,-1.5,2.0,0,BI,100873
epsilon_greedy,-1.3333333333333335,-2.0,0,BI,55508
epsilon_greedy,-1.3333333333333335,-1.8333333333333333,0,BI,42841
epsilon_greedy,-1.3333333333333335,-1.6666666666666667,0,BI,55774
epsilon_greedy,-1.3333333333333335,-1.5,0,BI,59512
epsilon_greedy,-1.3333333333333335,-1.3333333333333335,0,BI,43492
epsilon_greedy,-1.3333333333333335,-1.1666666666666667,0,BI,51093
epsilon_greedy,-1.3333333333333335,-1.0,0,BI,56590
epsilon_greedy,-1.3333333333333335,-0.8333333333333335,0,BI,48203
epsilon_greedy,-1.3333333333333335,-0.6666666666666667,0,BI,70508
epsilon_greedy,-1.3333333333333335,-0.5,0,BI,50703
epsilon_greedy,-1.3333333333333335,-0.3333333333333335,0,BI,42777
epsilon_greedy,-1.3333333333333335,-0.16666666666666674,0,BI,57328
epsilon_greedy,-1.3333333333333335,0.0,0,BI,49069
epsilon_greedy,-1.3333333333333335,0.16666666666666652,2,Coop,-1
epsilon_greedy,-1.3333333333333335,0.33333333333333304,2,Coop,-1
epsilon_greedy,-1.3333333333333335,0.5,0,BI,70552
epsilon_greedy,-1.3333333333333335,0.6666666666666665,0,BI,77841
epsilon_greedy,-1.3333333333333335,0.833333333333333,0,BI,72433
epsilon_greedy,-1.3333333333333335,1.0,0,BI,85325
epsilon_greedy,-1.3333333333333335,1.1666666666666665,0,BI,85693
epsilon_greedy,-1.3333333333333335,1.333333333333333,0,BI,91732
epsilon_greedy,-1.3333333333333335,1.5,3,Mixed,-1
epsilon_greedy,-1.3333333333333335,1.6666666666666665,0,BI,93932
epsilon_greedy,-1.3333333333333335,1.833333333333333,0,BI,107683
epsilon_greedy,-1.3333333333333335,2.0,0,BI,114205
epsilon_greedy,-1.1666666666666667,-2.0,0,BI,39667
epsilon_greedy,-1.1666666666666667,-1.8333333333333333,0,BI,42966
epsilon_greedy,-1.1666666666666667,-1.6666666666666667,0,BI,53862
epsilon_greedy,-1.1666666666666667,-1.5,0,BI,78895
epsilon_greedy,-1.1666666666666667,-1.3333333333333335,0,BI,57155
epsilon_greedy,-1.1666666666666667,-1.1666666666666667,0,BI,54885
epsilon_greedy,-1.1666666666666667,-1.0,0,BI,44203
epsilon_greedy,-1.1666666666666667,-0.8333333333333335,0,BI,48223
epsilon_greedy,-1.1666666666666667,-0.6666666666666667,0,BI,67359
epsilon_greedy,-1.1666666666666667,-0.5,0,BI,35995
epsilon_greedy,-1.1666666666666667,-0.3333333333333335,0,BI,46460
epsilon_greedy,-1.1666666666666667,-0.16666666666666674,0,BI,58167
epsilon_greedy,-1.1666666666666667,0.0,0,BI,44635
epsilon_greedy,-1.1666666666666667,0.16666666666666652,0,BI,60096
epsilon_greedy,-1.1666666666666667,0.33333333333333304,0,BI,60341
epsilon_greedy,-1.1666666666666667,0.5,0,BI,60112
epsilon_greedy,-1.1666666666666667,0.6666666666666665,0,BI,54811
epsilon_greedy,-1.1666666666666667,0.833333333333333,0,BI,76398
epsilon_greedy,-1.1666666666666667,1.0,0,BI,74056
epsilon_greedy,-1.1666666666666667,1.1666666666666665,0,BI,84139
epsilon_greedy,-1.1666666666666667,1.333333333333333,3,Mixed,-1
epsilon_greedy,-1.1666666666666667,1.5,0,BI,89211
epsilon_greedy,-1.1666666666666667,1.6666666666666665,0,BI,112459
epsilon_greedy,-1.1666666666666667,1.833333333333333,0,BI,107383
epsilon_greedy,-1.1666666666666667,2.0,0,BI,97908
epsilon_greedy,-1.0,-2.0,0,BI,52829
epsilon_greedy,-1.0,-1.8333333333333333,0,BI,62385
epsilon_greedy,-1.0,-1.6666666666666667,0,BI,44519
epsilon_greedy,-1.0,-1.5,0,BI,40400
epsilon_greedy,-1.0,-1.3333333333333335,0,BI,48219
epsilon_greedy,-1.0,-1.1666666666666667,0,BI,64040
epsilon_greedy,-1.0,-1.0,0,BI,40287
epsilon_greedy,-1.0,-0.8333333333333335,0,BI,49211
epsilon_greedy,-1.0,-0.6666666666666667,0,BI,61573
epsilon_greedy,-1.0,-0.5,0,BI,59924
epsilon_greedy,-1.0,-0.3333333333333335,0,BI,50438
epsilon_greedy,-1.0,-0.16666666666666674,0,BI,67609
epsilon_greedy,-1.0,0.0,0,BI,48481
epsilon_greedy,-1.0,0.16666666666666652,0,BI,55456
epsilon_greedy,-1.0,0.33333333333333304,1,Partial,-1
epsilon_greedy,-1.0,0.5,0,BI,76895
epsilon_greedy,-1.0,0.6666666666666665,0,BI,60716
epsilon_greedy,-1.0,0.833333333333333,0,BI,73861
epsilon_greedy,-1.0,1.0,3,Mixed,-1
epsilon_greedy,-1.0,1.1666666666666665,1,Partial,-1
epsilon_greedy,-1.0,1.333333333333333,0,BI,94412
epsilon_greedy,-1.0,1.5,0,BI,97107
epsilon_greedy,-1.0,1.6666666666666665,0,BI,95329
epsilon_greedy,-1.0,1.833333333333333,0,BI,100579
epsilon_greedy,-1.0,2.0,0,BI,116372
epsilon_greedy,-0.8333333333333335,-2.0,0,BI,56746
epsilon_greedy,-0.8333333333333335,-1.8333333333333333,0,BI,52304
epsilon_greedy,-0.8333333333333335,-1.6666666666666667,0,BI,43782
epsilon_greedy,-0.8333333333333335,-1.5,0,BI,45798
epsilon_greedy,-0.8333333333333335,-1.3333333333333335,0,BI,49843
epsilon_greedy,-0.8333333333333335,-1.1666666666666667,0,BI,50879
epsilon_greedy,-0.8333333333333335,-1.0,0,BI,54103
epsilon_greedy,-0.8333333333333335,-0.8333333333333335,0,BI,48483
epsilon_greedy,-0.8333333333333335,-0.6666666666666667,0,BI,56190
epsilon_greedy,-0.8333333333333335,-0.5,0,BI,56101
epsilon_greedy,-0.8333333333333335,-0.3333333333333335,0,BI,59791
epsilon_greedy,-0.8333333333333335,-0.16666666666666674,0,BI,50157
epsilon_greedy,-0.8333333333333335,0.0,0,BI,52431
epsilon_greedy,-0.8333333333333335,0.16666666666666652,1,Partial,-1
epsilon_greedy,-0.8333333333333335,0.33333333333333304,0,BI,59023
epsilon_greedy,-0.8333333333333335,0.5,0,BI,51559
epsilon_greedy,-0.8333333333333335,0.6666666666666665,0,BI,66649
epsilon_greedy,-0.8333333333333335,0.833333333333333,0,BI,80780
epsilon_greedy,-0.8333333333333335,1.0,0,BI,85002
epsilon_greedy,-0.8333333333333335,1.1666666666666665,0,BI,79756
epsilon_greedy,-0.8333333333333335,1.333333333333333,0,BI,89933
epsilon_greedy,-0.8333333333333335,1.5,0,BI,92681
epsilon_greedy,-0.8333333333333335,1.6666666666666665,0,BI,106028
epsilon_greedy,-0.8333333333333335,1.833333333333333,0,BI,109603
epsilon_greedy,-0.8333333333333335,2.0,0,BI,120184
epsilon_greedy,-0.6666666666666667,-2.0,0,BI,46750
epsilon_greedy,-0.6666666666666667,-1.8333333333333333,0,BI,51528
epsilon_greedy,-0.6666666666666667,-1.6666666666666667,0,BI,58657
epsilon_greedy,-0.6666666666666667,-1.5,1,Partial,-1
epsilon_greedy,-0.6666666666666667,-1.3333333333333335,2,Coop,-1
epsilon_greedy,-0.6666666666666667,-1.1666666666666667,0,BI,46419
epsilon_greedy,-0.6666666666666667,-1.0,0,BI,34721
epsilon_greedy,-0.6666666666666667,-0.8333333333333335,0,BI,61775
epsilon_greedy,-0.6666666666666667,-0.6666666666666667,0,BI,47732
epsilon_greedy,-0.6666666666666667,-0.5,0,BI,49965
epsilon_greedy,-0.6666666666666667,-0.3333333333333335,0,BI,59533
epsilon_greedy,-0.6666666666666667,-0.16666666666666674,0,BI,55781
epsilon_greedy,-0.6666666666666667,0.0,1,Partial,-1
epsilon_greedy,-0.6666666666666667,0.16666666666666652,0,BI,60176
epsilon_greedy,-0.6666666666666667,0.33333333333333304,0,BI,56990
epsilon_greedy,-0.6666666666666667,0.5,2,Coop,-1
epsilon_greedy,-0.6666666666666667,0.6666666666666665,0,BI,70522
epsilon_greedy,-0.6666666666666667,0.833333333333333,3,Mixed,-1
epsilon_greedy,-0.6666666666666667,1.0,0,BI,87376
epsilon_greedy,-0.6666666666666667,1.1666666666666665,0,BI,85183
epsilon_greedy,-0.6666666666666667,1.333333333333333,0,BI,93734
epsilon_greedy,-0.6666666666666667,1.5,0,BI,111148
epsilon_greedy,-0.6666666666666667,1.6666666666666665,0,BI,94244
epsilon_greedy,-0.6666666666666667,1.833333333333333,2,Coop,-1
epsilon_greedy,-0.6666666666666667,2.0,0,BI,109168
epsilon_greedy,-0.5,-2.0,0,BI,57322
epsilon_greedy,-0.5,-1.8333333333333333,0,BI,48817
epsilon_greedy,-0.5,-1.6666666666666667,0,BI,39837
epsilon_greedy,-0.5,-1.5,0,BI,35654
epsilon_greedy,-0.5,-1.3333333333333335,0,BI,52718
epsilon_greedy,-0.5,-1.1666666666666667,0,BI,55564
epsilon_greedy,-0.5,-1.0,0,BI,61074
epsilon_greedy,-0.5,-0.8333333333333335,0,BI,49447
epsilon_greedy,-0.5,-0.6666666666666667,0,BI,47883
epsilon_greedy,-0.5,-0.5,2,Coop,-1
epsilon_greedy,-0.5,-0.3333333333333335,0,BI,37151
epsilon_greedy,-0.5,-0.16666666666666674,1,Partial,-1
epsilon_greedy,-0.5,0.0,0,BI,60154
epsilon_greedy,-0.5,0.16666666666666652,0,BI,36608
epsilon_greedy,-0.5,0.33333333333333304,0,BI,53240
epsilon_greedy,-0.5,0.5,0,BI,66945
epsilon_greedy,-0.5,0.6666666666666665,3,Mixed,-1
epsilon_greedy,-0.5,0.833333333333333,3,Mixed,-1
epsilon_greedy,-0.5,1.0,0,BI,82267
epsilon_greedy,-0.5,1.1666666666666665,0,BI,82652
epsilon_greedy,-0.5,1.333333333333333,0,BI,78006
epsilon_greedy,-0.5,1.5,3,Mixed,-1
epsilon_greedy,-0.5,1.6666666666666665,0,BI,105337
epsilon_greedy,-0.5,1.833333333333333,0,BI,96565
epsilon_greedy,-0.5,2.0,0,BI,112492
epsilon_greedy,-0.3333333333333335,-2.0,0,BI,44386
epsilon_greedy,-0.3333333333333335,-1.8333333333333333,0,BI,58844
epsilon_greedy,-0.3333333333333335,-1.6666666666666667,0,BI,50506
epsilon_greedy,-0.3333333333333335,-1.5,0,BI,48132
epsilon_greedy,-0.3333333333333335,-1.3333333333333335,0,BI,57286
epsilon_greedy,-0.3333333333333335,-1.1666666666666667,0,BI,54840
epsilon_greedy,-0.3333333333333335,-1.0,0,BI,60264
epsilon_greedy,-0.3333333333333335,-0.8333333333333335,0,BI,57938
epsilon_greedy,-0.3333333333333335,-0.6666666666666667,0,BI,36809
epsilon_greedy,-0.3333333333333335,-0.5,0,BI,47979
epsilon_greedy,-0.3333333333333335,-0.3333333333333335,0,BI,55381
epsilon_greedy,-0.3333333333333335,-0.16666666666666674,0,BI,62214
epsilon_greedy,-0.3333333333333335,0.0,0,BI,39649
epsilon_greedy,-0.3333333333333335,0.16666666666666652,1,Partial,-1
epsilon_greedy,-0.3333333333333335,0.33333333333333304,0,BI,59889
epsilon_greedy,-0.3333333333333335,0.5,0,BI,70973
epsilon_greedy,-0.3333333333333335,0.6666666666666665,0,BI,69953
epsilon_greedy,-0.3333333333333335,0.833333333333333,0,BI,78023
epsilon_greedy,-0.3333333333333335,1.0,0,BI,79078
epsilon_greedy,-0.3333333333333335,1.1666666666666665,0,BI,84435
epsilon_greedy,-0.3333333333333335,1.333333333333333,0,BI,81740
epsilon_greedy,-0.3333333333333335,1.5,0,BI,98657
epsilon_greedy,-0.3333333333333335,1.6666666666666665,2,Coop,-1
epsilon_greedy,-0.3333333333333335,1.833333333333333,0,BI,97607
epsilon_greedy,-0.3333333333333335,2.0,0,BI,113780
epsilon_greedy,-0.16666666666666674,-2.0,0,BI,46023
epsilon_greedy,-0.16666666666666674,-1.8333333333333333,0,BI,44053
epsilon_greedy,-0.16666666666666674,-1.6666666666666667,0,BI,49197
epsilon_greedy,-0.16666666666666674,-1.5,0,BI,42235
epsilon_greedy,-0.16666666666666674,-1.3333333333333335,0,BI,64735
epsilon_greedy,-0.16666666666666674,-1.1666666666666667,0,BI,50264
epsilon_greedy,-0.16666666666666674,-1.0,0,BI,44752
epsilon_greedy,-0.16666666666666674,-0.8333333333333335,0,BI,51604
epsilon_greedy,-0.16666666666666674,-0.6666666666666667,0,BI,49157
epsilon_greedy,-0.16666666666666674,-0.5,0,BI,48342
epsilon_greedy,-0.16666666666666674,-0.3333333333333335,0,BI,46021
epsilon_greedy,-0.16666666666666674,-0.16666666666666674,0,BI,45681
epsilon_greedy,-0.16666666666666674,0.0,0,BI,38636
epsilon_greedy,-0.16666666666666674,0.16666666666666652,0,BI,65251
epsilon_greedy,-0.16666666666666674,0.33333333333333304,0,BI,64324
epsilon_greedy,-0.16666666666666674,0.5,0,BI,67334
epsilon_greedy,-0.16666666666666674,0.6666666666666665,0,BI,69040
epsilon_greedy,-0.16666666666666674,0.833333333333333,0,BI,67833
epsilon_greedy,-0.16666666666666674,1.0,0,BI,74327
epsilon_greedy,-0.16666666666666674,1.1666666666666665,0,BI,74333
epsilon_greedy,-0.16666666666666674,1.333333333333333,0,BI,85150
epsilon_greedy,-0.16666666666666674,1.5,0,BI,86888
epsilon_greedy,-0.16666666666666674,1.6666666666666665,2,Coop,-1
epsilon_greedy,-0.16666666666666674,1.833333333333333,0,BI,112914
epsilon_greedy,-0.16666666666666674,2.0,0,BI,114902
epsilon_greedy,0.0,-2.0,0,BI,67807
epsilon_greedy,0.0,-1.8333333333333333,0,BI,57608
epsilon_greedy,0.0,-1.6666666666666667,0,BI,47089
epsilon_greedy,0.0,-1.5,0,BI,44986
epsilon_greedy,0.0,-1.3333333333333335,0,BI,35646
epsilon_greedy,0.0,-1.1666666666666667,2,Coop,-1
epsilon_greedy,0.0,-1.0,0,BI,57059
epsilon_greedy,0.0,-0.8333333333333335,0,BI,45120
epsilon_greedy,0.0,-0.6666666666666667,0,BI,46346
epsilon_greedy,0.0,-0.5,0,BI,50363
epsilon_greedy,0.0,-0.3333333333333335,0,BI,43767
epsilon_greedy,0.0,-0.16666666666666674,2,Coop,-1
epsilon_greedy,0.0,0.0,0,BI,52926
epsilon_greedy,0.0,0.16666666666666652,0,BI,54363
epsilon_greedy,0.0,0.33333333333333304,0,BI,54569
epsilon_greedy,0.0,0.5,0,BI,61005
epsilon_greedy,0.0,0.6666666666666665,1,Partial,-1
epsilon_greedy,0.0,0.833333333333333,0,BI,62479
epsilon_greedy,0.0,1.0,0,BI,84075
epsilon_greedy,0.0,1.1666666666666665,0,BI,79275
epsilon_greedy,0.0,1.333333333333333,0,BI,76463
epsilon_greedy,0.0,1.5,0,BI,96947
epsilon_greedy,0.0,1.6666666666666665,0,BI,93217
epsilon_greedy,0.0,1.833333333333333,0,BI,104504
epsilon_greedy,0.0,2.0,0,BI,100917
epsilon_greedy,0.16666666666666652,-2.0,0,BI,48546
epsilon_greedy,0.16666666666666652,-1.8333333333333333,0,BI,52115
epsilon_greedy,0.16666666666666652,-1.6666666666666667,2,Coop,-1
epsilon_greedy,0.16666666666666652,-1.5,0,BI,50485
epsilon_greedy,0.16666666666666652,-1.3333333333333335,0,BI,60701
epsilon_greedy,0.16666666666666652,-1.1666666666666667,0,BI,49574
epsilon_greedy,0.16666666666666652,-1.0,0,BI,73253
epsilon_greedy,0.16666666666666652,-0.8333333333333335,0,BI,56272
epsilon_greedy,0.16666666666666652,-0.6666666666666667,0,BI,55670
epsilon_greedy,0.16666666666666652,-0.5,0,BI,58660
epsilon_greedy,0.16666666666666652,-0.3333333333333335,0,BI,66851
epsilon_greedy,0.16666666666666652,-0.16666666666666674,0,BI,50541
epsilon_greedy,0.16666666666666652,0.0,0,BI,59412
epsilon_greedy,0.16666666666666652,0.16666666666666652,0,BI,64076
epsilon_greedy,0.16666666666666652,0.33333333333333304,0,BI,72761
epsilon_greedy,0.16666666666666652,0.5,0,BI,67973
epsilon_greedy,0.16666666666666652,0.6666666666666665,0,BI,82107
epsilon_greedy,0.16666666666666652,0.833333333333333,0,BI,74926
epsilon_greedy,0.16666666666666652,1.0,0,BI,68272
epsilon_greedy,0.16666666666666652,1.1666666666666665,0,BI,78148
epsilon_greedy,0.16666666666666652,1.333333333333333,2,Coop,-1
epsilon_greedy,0.16666666666666652,1.5,0,BI,100120
epsilon_greedy,0.16666666666666652,1.6666666666666665,0,BI,106767
epsilon_greedy,0.16666666666666652,1.833333333333333,0,BI,115781
epsilon_greedy,0.16666666666666652,2.0,3,Mixed,-1
epsilon_greedy,0.33333333333333304,-2.0,0,BI,53438
epsilon_greedy,0.33333333333333304,-1.8333333333333333,0,BI,56997
epsilon_greedy,0.33333333333333304,-1.6666666666666667,0,BI,67244
epsilon_greedy,0.33333333333333304,-1.5,0,BI,60615
epsilon_greedy,0.33333333333333304,-1.3333333333333335,0,BI,51814
epsilon_greedy,0.33333333333333304,-1.1666666666666667,0,BI,53872
epsilon_greedy,0.33333333333333304,-1.0,0,BI,71323
epsilon_greedy,0.33333333333333304,-0.8333333333333335,0,BI,63015
epsilon_greedy,0.33333333333333304,-0.6666666666666667,0,BI,69652
epsilon_greedy,0.33333333333333304,-0.5,0,BI,56665
epsilon_greedy,0.33333333333333304,-0.3333333333333335,0,BI,67228
epsilon_greedy,0.33333333333333304,-0.16666666666666674,0,BI,67301
epsilon_greedy,0.33333333333333304,0.0,0,BI,47758
epsilon_greedy,0.33333333333333304,0.16666666666666652,0,BI,67107
epsilon_greedy,0.33333333333333304,0.33333333333333304,0,BI,71279
epsilon_greedy,0.33333333333333304,0.5,0,BI,81266
epsilon_greedy,0.33333333333333304,0.6666666666666665,0,BI,81353
epsilon_greedy,0.33333333333333304,0.833333333333333,0,BI,104826
epsilon_greedy,0.33333333333333304,1.0,0,BI,103366
epsilon_greedy,0.33333333333333304,1.1666666666666665,2,Coop,-1
epsilon_greedy,0.33333333333333304,1.333333333333333,0,BI,104427
epsilon_greedy,0.33333333333333304,1.5,0,BI,119115
epsilon_greedy,0.33333333333333304,1.6666666666666665,0,BI,120090
epsilon_greedy,0.33333333333333304,1.833333333333333,0,BI,107577
epsilon_greedy,0.33333333333333304,2.0,3,Mixed,-1
epsilon_greedy,0.5,-2.0,0,BI,64056
epsilon_greedy,0.5,-1.8333333333333333,0,BI,84040
epsilon_greedy,0.5,-1.6666666666666667,0,BI,68929
epsilon_greedy,0.5,-1.5,0,BI,73032
epsilon_greedy,0.5,-1.3333333333333335,0,BI,60628
epsilon_greedy,0.5,-1.1666666666666667,0,BI,71391
epsilon_greedy,0.5,-1.0,1,Partial,-1
epsilon_greedy,0.5,-0.8333333333333335,0,BI,47594
epsilon_greedy,0.5,-0.6666666666666667,0,BI,62481
epsilon_greedy,0.5,-0.5,0,BI,77517
epsilon_greedy,0.5,-0.3333333333333335,0,BI,63156
epsilon_greedy,0.5,-0.16666666666666674,0,BI,62954
epsilon_greedy,0.5,0.0,0,BI,63267
epsilon_greedy,0.5,0.16666666666666652,0,BI,75221
epsilon_greedy,0.5,0.33333333333333304,0,BI,72983
epsilon_greedy,0.5,0.5,0,BI,71701
epsilon_greedy,0.5,0.6666666666666665,3,Mixed,-1
epsilon_greedy,0.5,0.833333333333333,0,BI,84918
epsilon_greedy,0.5,1.0,0,BI,96119
epsilon_greedy,0.5,1.1666666666666665,0,BI,99138
epsilon_greedy,0.5,1.333333333333333,0,BI,106162
epsilon_greedy,0.5,1.5,0,BI,129274
epsilon_greedy,0.5,1.6666666666666665,0,BI,106696
epsilon_greedy,0.5,1.833333333333333,0,BI,130414
epsilon_greedy,0.5,2.0,0,BI,105054
epsilon_greedy,0.6666666666666665,-2.0,0,BI,61168
epsilon_greedy,0.6666666666666665,-1.8333333333333333,0,BI,71527
epsilon_greedy,0.6666666666666665,-1.6666666666666667,0,BI,68875
epsilon_greedy,0.6666666666666665,-1.5,0,BI,73958
epsilon_greedy,0.6666666666666665,-1.3333333333333335,0,BI,67285
epsilon_greedy,0.6666666666666665,-1.1666666666666667,0,BI,69478
epsilon_greedy,0.6666666666666665,-1.0,0,BI,69330
epsilon_greedy,0.6666666666666665,-0.8333333333333335,0,BI,70224
epsilon_greedy,0.6666666666666665,-0.6666666666666667,0,BI,70740
epsilon_greedy,0.6666666666666665,-0.5,0,BI,69022
epsilon_greedy,0.6666666666666665,-0.3333333333333335,0,BI,67369
epsilon_greedy,0.6666666666666665,-0.16666666666666674,0,BI,68280
epsilon_greedy,0.6666666666666665,0.0,0,BI,71759
epsilon_greedy,0.6666666666666665,0.16666666666666652,0,BI,76895
epsilon_greedy,0.6666666666666665,0.33333333333333304,0,BI,75070
epsilon_greedy,0.6666666666666665,0.5,1,Partial,-1
epsilon_greedy,0.6666666666666665,0.6666666666666665,0,BI,82969
epsilon_greedy,0.6666666666666665,0.833333333333333,0,BI,97445
epsilon_greedy,0.6666666666666665,1.0,0,BI,90616
epsilon_greedy,0.6666666666666665,1.1666666666666665,2,Coop,-1
epsilon_greedy,0.6666666666666665,1.333333333333333,0,BI,100688
epsilon_greedy,0.6666666666666665,1.5,0,BI,108877
epsilon_greedy,0.6666666666666665,1.6666666666666665,0,BI,125672
epsilon_greedy,0.6666666666666665,1.833333333333333,0,BI,114402
epsilon_greedy,0.6666666666666665,2.0,0,BI,116848
epsilon_greedy,0.833333333333333,-2.0,2,Coop,-1
epsilon_greedy,0.833333333333333,-1.8333333333333333,0,BI,70913
epsilon_greedy,0.833333333333333,-1.6666666666666667,0,BI,74717
epsilon_greedy,0.833333333333333,-1.5,0,BI,83274
epsilon_greedy,0.833333333333333,-1.3333333333333335,0,BI,72272
epsilon_greedy,0.833333333333333,-1.1666666666666667,0,BI,74572
epsilon_greedy,0.833333333333333,-1.0,0,BI,64888
epsilon_greedy,0.833333333333333,-0.8333333333333335,0,BI,80574
epsilon_greedy,0.833333333333333,-0.6666666666666667,0,BI,75138
epsilon_greedy,0.833333333333333,-0.5,0,BI,77606
epsilon_greedy,0.833333333333333,-0.3333333333333335,0,BI,76468
epsilon_greedy,0.833333333333333,-0.16666666666666674,0,BI,67662
epsilon_greedy,0.833333333333333,0.0,0,BI,82718
epsilon_greedy,0.833333333333333,0.16666666666666652,0,BI,83544
epsilon_greedy,0.833333333333333,0.33333333333333304,0,BI,86920
epsilon_greedy,0.833333333333333,0.5,0,BI,97370
epsilon_greedy,0.833333333333333,0.6666666666666665,0,BI,81193
epsilon_greedy,0.833333333333333,0.833333333333333,0,BI,90403
epsilon_greedy,0.833333333333333,1.0,0,BI,108882
epsilon_greedy,0.833333333333333,1.1666666666666665,0,BI,104556
epsilon_greedy,0.833333333333333,1.333333333333333,0,BI,110413
epsilon_greedy,0.833333333333333,1.5,0,BI,109450
epsilon_greedy,0.833333333333333,1.6666666666666665,0,BI,117680
epsilon_greedy,0.833333333333333,1.833333333333333,0,BI,137902
epsilon_greedy,0.833333333333333,2.0,0,BI,138699
epsilon_greedy,1.0,-2.0,0,BI,81386
epsilon_greedy,1.0,-1.8333333333333333,0,BI,75682
epsilon_greedy,1.0,-1.6666666666666667,0,BI,80915
epsilon_greedy,1.0,-1.5,0,BI,88619
epsilon_greedy,1.0,-1.3333333333333335,0,BI,74726
epsilon_greedy,1.0,-1.1666666666666667,0,BI,79737
epsilon_greedy,1.0,-1.0,0,BI,93281
epsilon_greedy,1.0,-0.8333333333333335,0,BI,85308
epsilon_greedy,1.0,-0.6666666666666667,0,BI,75781
epsilon_greedy,1.0,-0.5,0,BI,84663
epsilon_greedy,1.0,-0.3333333333333335,0,BI,68223
epsilon_greedy,1.0,-0.16666666666666674,0,BI,79441
epsilon_greedy,1.0,0.0,0,BI,84655
epsilon_greedy,1.0,0.16666666666666652,0,BI,87851
epsilon_greedy,1.0,0.33333333333333304,0,BI,94579
epsilon_greedy,1.0,0.5,0,BI,101254
epsilon_greedy,1.0,0.6666666666666665,0,BI,103443
epsilon_greedy,1.0,0.833333333333333,0,BI,108222
epsilon_greedy,1.0,1.0,0,BI,111557
epsilon_greedy,1.0,1.1666666666666665,0,BI,106892
epsilon_greedy,1.0,1.333333333333333,3,Mixed,-1
epsilon_greedy,1.0,1.5,3,Mixed,-1
epsilon_greedy,1.0,1.6666666666666665,3,Mixed,-1
epsilon_greedy,1.0,1.833333333333333,0,BI,142898
epsilon_greedy,1.0,2.0,3,Mixed,-1
epsilon_greedy,1.1666666666666665,-2.0,0,BI,92037
epsilon_greedy,1.1666666666666665,-1.8333333333333333,0,BI,81129
epsilon_greedy,1.1666666666666665,-1.6666666666666667,0,BI,81741
epsilon_greedy,1.1666666666666665,-1.5,0,BI,82681
epsilon_greedy,1.1666666666666665,-1.3333333333333335,0,BI,94418
epsilon_greedy,1.1666666666666665,-1.1666666666666667,0,BI,78290
epsilon_greedy,1.1666666666666665,-1.0,0,BI,95852
epsilon_greedy,1.1666666666666665,-0.8333333333333335,0,BI,86474
epsilon_greedy,1.1666666666666665,-0.6666666666666667,0,BI,87002
epsilon_greedy,1.1666666666666665,-0.5,0,BI,91672
epsilon_greedy,1.1666666666666665,-0.3333333333333335,0,BI,85617
epsilon_greedy,1.1666666666666665,-0.16666666666666674,2,Coop,-1
epsilon_greedy,1.1666666666666665,0.0,0,BI,92991
epsilon_greedy,1.1666666666666665,0.16666666666666652,3,Mixed,-1
epsilon_greedy,1.1666666666666665,0.33333333333333304,0,BI,91120
epsilon_greedy,1.1666666666666665,0.5,0,BI,110570
epsilon_greedy,1.1666666666666665,0.6666666666666665,0,BI,101658
epsilon_greedy,1.1666666666666665,0.833333333333333,0,BI,120900
epsilon_greedy,1.1666666666666665,1.0,0,BI,111848
epsilon_greedy,1.1666666666666665,1.1666666666666665,0,BI,117886
epsilon_greedy,1.1666666666666665,1.333333333333333,0,BI,117468
epsilon_greedy,1.1666666666666665,1.5,0,BI,124241
epsilon_greedy,1.1666666666666665,1.6666666666666665,0,BI,134739
epsilon_greedy,1.1666666666666665,1.833333333333333,0,BI,141756
epsilon_greedy,1.1666666666666665,2.0,0,BI,152382
epsilon_greedy,1.333333333333333,-2.0,3,Mixed,-1
epsilon_greedy,1.333333333333333,-1.8333333333333333,0,BI,88395
epsilon_greedy,1.333333333333333,-1.6666666666666667,0,BI,98753
epsilon_greedy,1.333333333333333,-1.5,0,BI,102158
epsilon_greedy,1.333333333333333,-1.3333333333333335,0,BI,86118
epsilon_greedy,1.333333333333333,-1.1666666666666667,0,BI,85508
epsilon_greedy,1.333333333333333,-1.0,0,BI,86280
epsilon_greedy,1.333333333333333,-0.8333333333333335,3,Mixed,-1
epsilon_greedy,1.333333333333333,-0.6666666666666667,1,Partial,-1
epsilon_greedy,1.333333333333333,-0.5,2,Coop,-1
epsilon_greedy,1.333333333333333,-0.3333333333333335,3,Mixed,-1
epsilon_greedy,1.333333333333333,-0.16666666666666674,0,BI,88739
epsilon_greedy,1.333333333333333,0.0,0,BI,95969
epsilon_greedy,1.333333333333333,0.16666666666666652,0,BI,102863
epsilon_greedy,1.333333333333333,0.33333333333333304,0,BI,94710
epsilon_greedy,1.333333333333333,0.5,0,BI,99722
epsilon_greedy,1.333333333333333,0.6666666666666665,0,BI,103699
epsilon_greedy,1.333333333333333,0.833333333333333,2,Coop,-1
epsilon_greedy,1.333333333333333,1.0,0,BI,121235
epsilon_greedy,1.333333333333333,1.1666666666666665,0,BI,127143
epsilon_greedy,1.333333333333333,1.333333333333333,0,BI,132508
epsilon_greedy,1.333333333333333,1.5,0,BI,133672
epsilon_greedy,1.333333333333333,1.6666666666666665,0,BI,134012
epsilon_greedy,1.333333333333333,1.833333333333333,0,BI,144751
epsilon_greedy,1.333333333333333,2.0,0,BI,163459
epsilon_greedy,1.5,-2.0,0,BI,91117
epsilon_greedy,1.5,-1.8333333333333333,0,BI,96678
epsilon_greedy,1.5,-1.6666666666666667,0,BI,113951
epsilon_greedy,1.5,-1.5,0,BI,91018
epsilon_greedy,1.5,-1.3333333333333335,0,BI,100114
epsilon_greedy,1.5,-1.1666666666666667,0,BI,108850
epsilon_greedy,1.5,-1.0,1,Partial,-1
epsilon_greedy,1.5,-0.8333333333333335,0,BI,101997
epsilon_greedy,1.5,-0.6666666666666667,1,Partial,-1
epsilon_greedy,1.5,-0.5,0,BI,98162
epsilon_greedy,1.5,-0.3333333333333335,0,BI,103000
epsilon_greedy,1.5,-0.16666666666666674,0,BI,103769
epsilon_greedy,1.5,0.0,0,BI,93746
epsilon_greedy,1.5,0.16666666666666652,0,BI,101100
epsilon_greedy,1.5,0.33333333333333304,0,BI,107765
epsilon_greedy,1.5,0.5,0,BI,107049
epsilon_greedy,1.5,0.6666666666666665,0,BI,116433
epsilon_greedy,1.5,0.833333333333333,0,BI,120348
epsilon_greedy,1.5,1.0,0,BI,129841
epsilon_greedy,1.5,1.1666666666666665,0,BI,146224
epsilon_greedy,1.5,1.333333333333333,0,BI,136870
epsilon_greedy,1.5,1.5,3,Mixed,-1
epsilon_greedy,1.5,1.6666666666666665,0,BI,156830
epsilon_greedy,1.5,1.833333333333333,0,BI,151316
epsilon_greedy,1.5,2.0,0,BI,158063
epsilon_greedy,1.6666666666666665,-2.0,0,BI,97277
epsilon_greedy,1.6666666666666665,-1.8333333333333333,0,BI,101309
epsilon_greedy,1.6666666666666665,-1.6666666666666667,0,BI,96399
epsilon_greedy,1.6666666666666665,-1.5,1,Partial,-1
epsilon_greedy,1.6666666666666665,-1.3333333333333335,3,Mixed,-1
epsilon_greedy,1.6666666666666665,-1.1666666666666667,3,Mixed,-1
epsilon_greedy,1.6666666666666665,-1.0,0,BI,100958
epsilon_greedy,1.6666666666666665,-0.8333333333333335,0,BI,111741
epsilon_greedy,1.6666666666666665,-0.6666666666666667,0,BI,99506
epsilon_greedy,1.6666666666666665,-0.5,0,BI,89139
epsilon_greedy,1.6666666666666665,-0.3333333333333335,0,BI,83508
epsilon_greedy,1.6666666666666665,-0.16666666666666674,0,BI,92340
epsilon_greedy,1.6666666666666665,0.0,0,BI,105312
epsilon_greedy,1.6666666666666665,0.16666666666666652,0,BI,95397
epsilon_greedy,1.6666666666666665,0.33333333333333304,3,Mixed,-1
epsilon_greedy,1.6666666666666665,0.5,0,BI,121543
epsilon_greedy,1.6666666666666665,0.6666666666666665,0,BI,119140
epsilon_greedy,1.6666666666666665,0.833333333333333,0,BI,129749
epsilon_greedy,1.6666666666666665,1.0,0,BI,136734
epsilon_greedy,1.6666666666666665,1.1666666666666665,0,BI,133450
epsilon_greedy,1.6666666666666665,1.333333333333333,0,BI,140556
epsilon_greedy,1.6666666666666665,1.5,0,BI,143279
epsilon_greedy,1.6666666666666665,1.6666666666666665,3,Mixed,-1
epsilon_greedy,1.6666666666666665,1.833333333333333,0,BI,157570
epsilon_greedy,1.6666666666666665,2.0,1,Partial,-1
epsilon_greedy,1.833333333333333,-2.0,0,BI,108425
epsilon_greedy,1.833333333333333,-1.8333333333333333,0,BI,97917
epsilon_greedy,1.833333333333333,-1.6666666666666667,0,BI,107424
epsilon_greedy,1.833333333333333,-1.5,3,Mixed,-1
epsilon_greedy,1.833333333333333,-1.3333333333333335,0,BI,104326
epsilon_greedy,1.833333333333333,-1.1666666666666667,0,BI,115800
epsilon_greedy,1.833333333333333,-1.0,0,BI,99927
epsilon_greedy,1.833333333333333,-0.8333333333333335,0,BI,118507
epsilon_greedy,1.833333333333333,-0.6666666666666667,0,BI,105960
epsilon_greedy,1.833333333333333,-0.5,0,BI,99892
epsilon_greedy,1.833333333333333,-0.3333333333333335,0,BI,101653
epsilon_greedy,1.833333333333333,-0.16666666666666674,0,BI,90828
epsilon_greedy,1.833333333333333,0.0,0,BI,101607
epsilon_greedy,1.833333333333333,0.16666666666666652,0,BI,91820
epsilon_greedy,1.833333333333333,0.33333333333333304,0,BI,120893
epsilon_greedy,1.833333333333333,0.5,0,BI,123190
epsilon_greedy,1.833333333333333,0.6666666666666665,0,BI,117747
epsilon_greedy,1.833333333333333,0.833333333333333,0,BI,129642
epsilon_greedy,1.833333333333333,1.0,3,Mixed,-1
epsilon_greedy,1.833333333333333,1.1666666666666665,0,BI,158015
epsilon_greedy,1.833333333333333,1.333333333333333,0,BI,144830
epsilon_greedy,1.833333333333333,1.5,0,BI,143427
epsilon_greedy,1.833333333333333,1.6666666666666665,0,BI,155282
epsilon_greedy,1.833333333333333,1.833333333333333,0,BI,158657
epsilon_greedy,1.833333333333333,2.0,0,BI,159510
epsilon_greedy,2.0,-2.0,0,BI,117416
epsilon_greedy,2.0,-1.8333333333333333,0,BI,114674
epsilon_greedy,2.0,-1.6666666666666667,0,BI,112066
epsilon_greedy,2.0,-1.5,0,BI,104010
epsilon_greedy,2.0,-1.3333333333333335,0,BI,123589
epsilon_greedy,2.0,-1.1666666666666667,2,Coop,-1
epsilon_greedy,2.0,-1.0,0,BI,112684
epsilon_greedy,2.0,-0.8333333333333335,0,BI,117871
epsilon_greedy,2.0,-0.6666666666666667,0,BI,105985
epsilon_greedy,2.0,-0.5,2,Coop,-1
epsilon_greedy,2.0,-0.3333333333333335,0,BI,108515
epsilon_greedy,2.0,-0.16666666666666674,0,BI,119879
epsilon_greedy,2.0,0.0,0,BI,107228
epsilon_greedy,2.0,0.16666666666666652,0,BI,116534
epsilon_greedy,2.0,0.33333333333333304,0,BI,112263
epsilon_greedy,2.0,0.5,0,BI,121030
epsilon_greedy,2.0,0.6666666666666665,0,BI,152237
epsilon_greedy,2.0,0.833333333333333,0,BI,134275
epsilon_greedy,2.0,1.0,0,BI,131541
epsilon_greedy,2.0,1.1666666666666665,0,BI,149232
epsilon_greedy,2.0,1.333333333333333,0,BI,158182
epsilon_greedy,2.0,1.5,0,BI,154169
epsilon_greedy,2.0,1.6666666666666665,0,BI,146017
epsilon_greedy,2.0,1.833333333333333,0,BI,158237
epsilon_greedy,2.0,2.0,3,Mixed,-1
thompson,-2.0,-2.0,0,BI,31122
thompson,-2.0,-1.8333333333333333,0,BI,35235
thompson,-2.0,-1.6666666666666667,0,BI,35393
thompson,-2.0,-1.5,0,BI,29807
thompson,-2.0,-1.3333333333333335,0,BI,33261
thompson,-2.0,-1.1666666666666667,0,BI,22118
thompson,-2.0,-1.0,0,BI,37382
thompson,-2.0,-0.8333333333333335,0,BI,36900
thompson,-2.0,-0.6666666666666667,0,BI,32470
thompson,-2.0,-0.5,0,BI,31303
thompson,-2.0,-0.3333333333333335,0,BI,29872
thompson,-2.0,-0.16666666666666674,0,BI,35863
thompson,-2.0,0.0,0,BI,33858
thompson,-2.0,0.16666666666666652,0,BI,19090
thompson,-2.0,0.33333333333333304,0,BI,34854
thompson,-2.0,0.5,3,Mixed,-1
thompson,-2.0,0.6666666666666665,0,BI,37734
thompson,-2.0,0.833333333333333,0,BI,52205
thompson,-2.0,1.0,0,BI,46459
thompson,-2.0,1.1666666666666665,3,Mixed,-1
thompson,-2.0,1.333333333333333,0,BI,57050
thompson,-2.0,1.5,0,BI,53585
thompson,-2.0,1.6666666666666665,0,BI,55550
thompson,-2.0,1.833333333333333,0,BI,64526
thompson,-2.0,2.0,0,BI,68256
thompson,-1.8333333333333333,-2.0,0,BI,28253
thompson,-1.8333333333333333,-1.8333333333333333,0,BI,28391
thompson,-1.8333333333333333,-1.6666666666666667,0,BI,40383
thompson,-1.8333333333333333,-1.5,0,BI,35151
thompson,-1.8333333333333333,-1.3333333333333335,0,BI,31193
thompson,-1.8333333333333333,-1.1666666666666667,0,BI,29641
thompson,-1.8333333333333333,-1.0,0,BI,29813
thompson,-1.8333333333333333,-0.8333333333333335,1,Partial,-1
thompson,-1.8333333333333333,-0.6666666666666667,0,BI,29345
thompson,-1.8333333333333333,-0.5,1,Partial,-1
thompson,-1.8333333333333333,-0.3333333333333335,0,BI,24825
thompson,-1.8333333333333333,-0.16666666666666674,0,BI,34581
thompson,-1.8333333333333333,0.0,0,BI,31732
thompson,-1.8333333333333333,0.16666666666666652,0,BI,43775
thompson,-1.8333333333333333,0.33333333333333304,0,BI,35968
thompson,-1.8333333333333333,0.5,0,BI,45540
thompson,-1.8333333333333333,0.6666666666666665,0,BI,38133
thompson,-1.8333333333333333,0.833333333333333,0,BI,43547
thompson,-1.8333333333333333,1.0,0,BI,59570
thompson,-1.8333333333333333,1.1666666666666665,0,BI,57683
thompson,-1.8333333333333333,1.333333333333333,3,Mixed,-1
thompson,-1.8333333333333333,1.5,0,BI,62478
thompson,-1.8333333333333333,1.6666666666666665,0,BI,68148
thompson,-1.8333333333333333,1.833333333333333,0,BI,68204
thompson,-1.8333333333333333,2.0,0,BI,70987
thompson,-1.6666666666666667,-2.0,0,BI,32246
thompson,-1.6666666666666667,-1.8333333333333333,0,BI,24552
thompson,-1.6666666666666667,-1.6666666666666667,0,BI,38155
thompson,-1.6666666666666667,-1.5,0,BI,35025
thompson,-1.6666666666666667,-1.3333333333333335,0,BI,28738
thompson,-1.6666666666666667,-1.1666666666666667,0,BI,32822
thompson,-1.6666666666666667,-1.0,0,BI,31777
thompson,-1.6666666666666667,-0.8333333333333335,0,BI,35234
thompson,-1.6666666666666667,-0.6666666666666667,0,BI,32849
thompson,-1.6666666666666667,-0.5,0,BI,36448
thompson,-1.6666666666666667,-0.3333333333333335,0,BI,28693
thompson,-1.6666666666666667,-0.16666666666666674,0,BI,23609
thompson,-1.6666666666666667,0.0,0,BI,21781
thompson,-1.6666666666666667,0.16666666666666652,0,BI,25569
thompson,-1.6666666666666667,0.33333333333333304,0,BI,35148
thompson,-1.6666666666666667,0.5,0,BI,40848
thompson,-1.6666666666666667,0.6666666666666665,0,BI,39832
thompson,-1.6666666666666667,0.833333333333333,0,BI,35421
thompson,-1.6666666666666667,1.0,0,BI,46585
thompson,-1.6666666666666667,1.1666666666666665,0,BI,51062
thompson,-1.6666666666666667,1.333333333333333,0,BI,56566
thompson,-1.6666666666666667,1.5,0,BI,67226
thompson,-1.6666666666666667,1.6666666666666665,0,BI,54212
thompson,-1.6666666666666667,1.833333333333333,0,BI,70066
thompson,-1.6666666666666667,2.0,0,BI,72877
thompson,-1.5,-2.0,2,Coop,-1
thompson,-1.5,-1.8333333333333333,0,BI,33794
thompson,-1.5,-1.6666666666666667,0,BI,31405
thompson,-1.5,-1.5,1,Partial,-1
thompson,-1.5,-1.3333333333333335,0,BI,29055
thompson,-1.5,-1.1666666666666667,0,BI,32765
thompson,-1.5,-1.0,0,BI,25647
thompson,-1.5,-0.8333333333333335,0,BI,25078
thompson,-1.5,-0.6666666666666667,0,BI,20439
thompson,-1.5,-0.5,0,BI,31984
thompson,-1.5,-0.3333333333333335,0,BI,26983
thompson,-1.5,-0.16666666666666674,0,BI,22065
thompson,-1.5,0.0,0,BI,25154
thompson,-1.5,0.16666666666666652,0,BI,36088
thompson,-1.5,0.33333333333333304,0,BI,37469
thompson,-1.5,0.5,0,BI,35313
thompson,-1.5,0.6666666666666665,3,Mixed,-1
thompson,-1.5,0.833333333333333,0,BI,47786
thompson,-1.5,1.0,0,BI,56820
thompson,-1.5,1.1666666666666665,0,BI,53944
thompson,-1.5,1.333333333333333,0,BI,59383
thompson,-1.5,1.5,2,Coop,-1
thompson,-1.5,1.6666666666666665,0,BI,65831
thompson,-1.5,1.833333333333333,0,BI,60184
thompson,-1.5,2.0,1,Partial,-1
thompson,-1.3333333333333335,-2.0,0,BI,23780
thompson,-1.3333333333333335,-1.8333333333333333,0,BI,26535
thompson,-1.3333333333333335,-1.6666666666666667,0,BI,28525
thompson,-1.3333333333333335,-1.5,0,BI,36238
thompson,-1.3333333333333335,-1.3333333333333335,0,BI,25823
thompson,-1.3333333333333335,-1.1666666666666667,0,BI,40725
thompson,-1.3333333333333335,-1.0,0,BI,33168
thompson,-1.3333333333333335,-0.8333333333333335,0,BI,32068
thompson,-1.3333333333333335,-0.6666666666666667,0,BI,30219
thompson,-1.3333333333333335,-0.5,0,BI,29264
thompson,-1.3333333333333335,-0.3333333333333335,0,BI,27212
thompson,-1.3333333333333335,-0.16666666666666674,0,BI,23150
thompson,-1.3333333333333335,0.0,0,BI,25981
thompson,-1.3333333333333335,0.16666666666666652,0,BI,41528
thompson,-1.3333333333333335,0.33333333333333304,0,BI,39511
thompson,-1.3333333333333335,0.5,0,BI,48141
thompson,-1.3333333333333335,0.6666666666666665,0,BI,40424
thompson,-1.3333333333333335,0.833333333333333,0,BI,41592
thompson,-1.3333333333333335,1.0,0,BI,50170
thompson,-1.3333333333333335,1.1666666666666665,0,BI,49483
thompson,-1.3333333333333335,1.333333333333333,0,BI,57835
thompson,-1.3333333333333335,1.5,2,Coop,-1
thompson,-1.3333333333333335,1.6666666666666665,0,BI,55553
thompson,-1.3333333333333335,1.833333333333333,0,BI,60803
thompson,-1.3333333333333335,2.0,0,BI,63832
thompson,-1.1666666666666667,-2.0,3,Mixed,-1
thompson,-1.1666666666666667,-1.8333333333333333,0,BI,38362
thompson,-1.1666666666666667,-1.6666666666666667,0,BI,32095
thompson,-1.1666666666666667,-1.5,0,BI,32791
thompson,-1.1666666666666667,-1.3333333333333335,0,BI,30380
thompson,-1.1666666666666667,-1.1666666666666667,0,BI,30846
thompson,-1.1666666666666667,-1.0,0,BI,22931
thompson,-1.1666666666666667,-0.8333333333333335,0,BI,26322
thompson,-1.1666666666666667,-0.6666666666666667,0,BI,36180
thompson,-1.1666666666666667,-0.5,0,BI,24538
thompson,-1.1666666666666667,-0.3333333333333335,3,Mixed,-1
thompson,-1.1666666666666667,-0.16666666666666674,1,Partial,-1
thompson,-1.1666666666666667,0.0,0,BI,28417
thompson,-1.1666666666666667,0.16666666666666652,0,BI,44929
thompson,-1.1666666666666667,0.33333333333333304,0,BI,38633
thompson,-1.1666666666666667,0.5,0,BI,40667
thompson,-1.1666666666666667,0.6666666666666665,0,BI,42570
thompson,-1.1666666666666667,0.833333333333333,0,BI,42736
thompson,-1.1666666666666667,1.0,0,BI,43343
thompson,-1.1666666666666667,1.1666666666666665,3,Mixed,-1
thompson,-1.1666666666666667,1.333333333333333,0,BI,52426
thompson,-1.1666666666666667,1.5,0,BI,51994
thompson,-1.1666666666666667,1.6666666666666665,0,BI,67514
thompson,-1.1666666666666667,1.833333333333333,0,BI,66823
thompson,-1.1666666666666667,2.0,3,Mixed,-1
thompson,-1.0,-2.0,0,BI,30409
thompson,-1.0,-1.8333333333333333,0,BI,29505
thompson,-1.0,-1.6666666666666667,0,BI,31336
thompson,-1.0,-1.5,0,BI,31608
thompson,-1.0,-1.3333333333333335,0,BI,29125
thompson,-1.0,-1.1666666666666667,0,BI,26221
thompson,-1.0,-1.0,0,BI,30140
thompson,-1.0,-0.8333333333333335,0,BI,29954
thompson,-1.0,-0.6666666666666667,0,BI,29874
thompson,-1.0,-0.5,0,BI,34088
thompson,-1.0,-0.3333333333333335,0,BI,30051
thompson,-1.0,-0.16666666666666674,0,BI,23440
thompson,-1.0,0.0,0,BI,26952
thompson,-1.0,0.16666666666666652,0,BI,32398
thompson,-1.0,0.33333333333333304,0,BI,36949
thompson,-1.0,0.5,3,Mixed,-1
thompson,-1.0,0.6666666666666665,0,BI,45981
thompson,-1.0,0.833333333333333,0,BI,32225
thompson,-1.0,1.0,0,BI,51466
thompson,-1.0,1.1666666666666665,0,BI,56033
thompson,-1.0,1.333333333333333,0,BI,50254
thompson,-1.0,1.5,0,BI,56556
thompson,-1.0,1.6666666666666665,3,Mixed,-1
thompson,-1.0,1.833333333333333,0,BI,66353
thompson,-1.0,2.0,0,BI,66932
thompson,-0.8333333333333335,-2.0,0,BI,28487
thompson,-0.8333333333333335,-1.8333333333333333,0,BI,30802
thompson,-0.8333333333333335,-1.6666666666666667,0,BI,30015
thompson,-0.8333333333333335,-1.5,0,BI,34747
thompson,-0.8333333333333335,-1.3333333333333335,0,BI,22575
thompson,-0.8333333333333335,-1.1666666666666667,0,BI,23165
thompson,-0.8333333333333335,-1.0,0,BI,28876
thompson,-0.8333333333333335,-0.8333333333333335,0,BI,32707
thompson,-0.8333333333333335,-0.6666666666666667,0,BI,33795
thompson,-0.8333333333333335,-0.5,0,BI,27117
thompson,-0.8333333333333335,-0.3333333333333335,0,BI,17044
thompson,-0.8333333333333335,-0.16666666666666674,0,BI,27268
thompson,-0.8333333333333335,0.0,0,BI,31959
thompson,-0.8333333333333335,0.16666666666666652,0,BI,33256
thompson,-0.8333333333333335,0.33333333333333304,0,BI,39563
thompson,-0.8333333333333335,0.5,0,BI,45982
thompson,-0.8333333333333335,0.6666666666666665,0,BI,42540
thompson,-0.8333333333333335,0.833333333333333,0,BI,44450
thompson,-0.8333333333333335,1.0,0,BI,45575
thompson,-0.8333333333333335,1.1666666666666665,0,BI,46473
thompson,-0.8333333333333335,1.333333333333333,0,BI,48598
thompson,-0.8333333333333335,1.5,0,BI,56654
thompson,-0.8333333333333335,1.6666666666666665,0,BI,68532
thompson,-0.8333333333333335,1.833333333333333,0,BI,70056
thompson,-0.8333333333333335,2.0,0,BI,67560
thompson,-0.6666666666666667,-2.0,0,BI,40786
thompson,-0.6666666666666667,-1.8333333333333333,0,BI,26971
thompson,-0.6666666666666667,-1.6666666666666667,0,BI,36508
thompson,-0.6666666666666667,-1.5,0,BI,37807
thompson,-0.6666666666666667,-1.3333333333333335,0,BI,32299
thompson,-0.6666666666666667,-1.1666666666666667,0,BI,26611
thompson,-0.6666666666666667,-1.0,0,BI,28173
thompson,-0.6666666666666667,-0.8333333333333335,0,BI,30923
thompson,-0.6666666666666667,-0.6666666666666667,0,BI,23264
thompson,-0.6666666666666667,-0.5,0,BI,25141
thompson,-0.6666666666666667,-0.3333333333333335,0,BI,24765
thompson,-0.6666666666666667,-0.16666666666666674,0,BI,32683
thompson,-0.6666666666666667,0.0,0,BI,35928
thompson,-0.6666666666666667,0.16666666666666652,0,BI,36928
thompson,-0.6666666666666667,0.33333333333333304,0,BI,41646
thompson,-0.6666666666666667,0.5,0,BI,36216
thompson,-0.6666666666666667,0.6666666666666665,0,BI,41719
thompson,-0.6666666666666667,0.833333333333333,0,BI,45412
thompson,-0.6666666666666667,1.0,0,BI,52279
thompson,-0.6666666666666667,1.1666666666666665,0,BI,64158
thompson,-0.6666666666666667,1.333333333333333,3,Mixed,-1
thompson,-0.6666666666666667,1.5,0,BI,67278
thompson,-0.6666666666666667,1.6666666666666665,0,BI,72329
thompson,-0.6666666666666667,1.833333333333333,0,BI,62397
thompson,-0.6666666666666667,2.0,0,BI,71796
thompson,-0.5,-2.0,1,Partial,-1
thompson,-0.5,-1.8333333333333333,0,BI,24775
thompson,-0.5,-1.6666666666666667,0,BI,20168
thompson,-0.5,-1.5,0,BI,28893
thompson,-0.5,-1.3333333333333335,0,BI,28615
thompson,-0.5,-1.1666666666666667,0,BI,34302
thompson,-0.5,-1.0,0,BI,27084
thompson,-0.5,-0.8333333333333335,0,BI,29164
thompson,-0.5,-0.6666666666666667,0,BI,31412
thompson,-0.5,-0.5,0,BI,32454
thompson,-0.5,-0.3333333333333335,0,BI,33674
thompson,-0.5,-0.16666666666666674,0,BI,30905
thompson,-0.5,0.0,3,Mixed,-1
thompson,-0.5,0.16666666666666652,1,Partial,-1
thompson,-0.5,0.33333333333333304,0,BI,30182
thompson,-0.5,0.5,0,BI,41998
thompson,-0.5,0.6666666666666665,0,BI,40076
thompson,-0.5,0.833333333333333,0,BI,52858
thompson,-0.5,1.0,0,BI,50106
thompson,-0.5,1.1666666666666665,0,BI,54537
thompson,-0.5,1.333333333333333,0,BI,69675
thompson,-0.5,1.5,0,BI,63766
thompson,-0.5,1.6666666666666665,0,BI,65239
thompson,-0.5,1.833333333333333,0,BI,65974
thompson,-0.5,2.0,0,BI,63878
thompson,-0.3333333333333335,-2.0,0,BI,28954
thompson,-0.3333333333333335,-1.8333333333333333,0,BI,25747
thompson,-0.3333333333333335,-1.6666666666666667,0,BI,38349
thompson,-0.3333333333333335,-1.5,0,BI,31973
thompson,-0.3333333333333335,-1.3333333333333335,0,BI,35983
thompson,-0.3333333333333335,-1.1666666666666667,0,BI,26951
thompson,-0.3333333333333335,-1.0,0,BI,26075
thompson,-0.3333333333333335,-0.8333333333333335,2,Coop,-1
thompson,-0.3333333333333335,-0.6666666666666667,0,BI,33241
thompson,-0.3333333333333335,-0.5,0,BI,27729
thompson,-0.3333333333333335,-0.3333333333333335,0,BI,25898
thompson,-0.3333333333333335,-0.16666666666666674,3,Mixed,-1
thompson,-0.3333333333333335,0.0,0,BI,38634
thompson,-0.3333333333333335,0.16666666666666652,0,BI,31335
thompson,-0.3333333333333335,0.33333333333333304,0,BI,29574
thompson,-0.3333333333333335,0.5,0,BI,31195
thompson,-0.3333333333333335,0.6666666666666665,0,BI,35705
thompson,-0.3333333333333335,0.833333333333333,0,BI,52979
thompson,-0.3333333333333335,1.0,0,BI,47240
thompson,-0.3333333333333335,1.1666666666666665,0,BI,66124
thompson,-0.3333333333333335,1.333333333333333,0,BI,64377
thompson,-0.3333333333333335,1.5,0,BI,70030
thompson,-0.3333333333333335,1.6666666666666665,0,BI,68453
thompson,-0.3333333333333335,1.833333333333333,0,BI,69629
thompson,-0.3333333333333335,2.0,1,Partial,-1
thompson,-0.16666666666666674,-2.0,0,BI,35579
thompson,-0.16666666666666674,-1.8333333333333333,0,BI,26753
thompson,-0.16666666666666674,-1.6666666666666667,0,BI,16132
thompson,-0.16666666666666674,-1.5,0,BI,34004
thompson,-0.16666666666666674,-1.3333333333333335,0,BI,25783
thompson,-0.16666666666666674,-1.1666666666666667,0,BI,29323
thompson,-0.16666666666666674,-1.0,0,BI,30949
thompson,-0.16666666666666674,-0.8333333333333335,0,BI,32883
thompson,-0.16666666666666674,-0.6666666666666667,0,BI,28251
thompson,-0.16666666666666674,-0.5,0,BI,31308
thompson,-0.16666666666666674,-0.3333333333333335,0,BI,35993
thompson,-0.16666666666666674,-0.16666666666666674,0,BI,20313
thompson,-0.16666666666666674,0.0,0,BI,22945
thompson,-0.16666666666666674,0.16666666666666652,0,BI,27460
thompson,-0.16666666666666674,0.33333333333333304,0,BI,34027
thompson,-0.16666666666666674,0.5,0,BI,43857
thompson,-0.16666666666666674,0.6666666666666665,0,BI,48498
thompson,-0.16666666666666674,0.833333333333333,0,BI,45691
thompson,-0.16666666666666674,1.0,0,BI,49039
thompson,-0.16666666666666674,1.1666666666666665,0,BI,60285
thompson,-0.16666666666666674,1.333333333333333,0,BI,57695
thompson,-0.16666666666666674,1.5,0,BI,58107
thompson,-0.16666666666666674,1.6666666666666665,0,BI,67834
thompson,-0.16666666666666674,1.833333333333333,0,BI,70557
thompson,-0.16666666666666674,2.0,0,BI,71976
thompson,0.0,-2.0,0,BI,27132
thompson,0.0,-1.8333333333333333,2,Coop,-1
thompson,0.0,-1.6666666666666667,0,BI,29499
thompson,0.0,-1.5,0,BI,28981
thompson,0.0,-1.3333333333333335,0,BI,28867
thompson,0.0,-1.1666666666666667,0,BI,31836
thompson,0.0,-1.0,0,BI,37463
thompson,0.0,-0.8333333333333335,0,BI,28644
thompson,0.0,-0.6666666666666667,0,BI,17878
thompson,0.0,-0.5,0,BI,34420
thompson,0.0,-0.3333333333333335,0,BI,30334
thompson,0.0,-0.16666666666666674,1,Partial,-1
thompson,0.0,0.0,0,BI,32579
thompson,0.0,0.16666666666666652,0,BI,37756
thompson,0.0,0.33333333333333304,3,Mixed,-1
thompson,0.0,0.5,0,BI,35404
thompson,0.0,0.6666666666666665,0,BI,44801
thompson,0.0,0.833333333333333,0,BI,39883
thompson,0.0,1.0,3,Mixed,-1
thompson,0.0,1.1666666666666665,0,BI,49291
thompson,0.0,1.333333333333333,0,BI,55090
thompson,0.0,1.5,0,BI,63164
thompson,0.0,1.6666666666666665,0,BI,61085
thompson,0.0,1.833333333333333,0,BI,65188
thompson,0.0,2.0,0,BI,70761
thompson,0.16666666666666652,-2.0,0,BI,32920
thompson,0.16666666666666652,-1.8333333333333333,0,BI,29188
thompson,0.16666666666666652,-1.6666666666666667,0,BI,31091
thompson,0.16666666666666652,-1.5,0,BI,43383
thompson,0.16666666666666652,-1.3333333333333335,0,BI,29779
thompson,0.16666666666666652,-1.1666666666666667,0,BI,33702
thompson,0.16666666666666652,-1.0,0,BI,30097
thompson,0.16666666666666652,-0.8333333333333335,0,BI,33038
thompson,0.16666666666666652,-0.6666666666666667,0,BI,29788
thompson,0.16666666666666652,-0.5,0,BI,30781
thompson,0.16666666666666652,-0.3333333333333335,0,BI,26102
thompson,0.16666666666666652,-0.16666666666666674,0,BI,33808
thompson,0.16666666666666652,0.0,0,BI,31530
thompson,0.16666666666666652,0.16666666666666652,0,BI,39223
thompson,0.16666666666666652,0.33333333333333304,3,Mixed,-1
thompson,0.16666666666666652,0.5,0,BI,47748
thompson,0.16666666666666652,0.6666666666666665,0,BI,46277
thompson,0.16666666666666652,0.833333333333333,0,BI,51493
thompson,0.16666666666666652,1.0,0,BI,49574
thompson,0.16666666666666652,1.1666666666666665,0,BI,57233
thompson,0.16666666666666652,1.333333333333333,0,BI,52808
thompson,0.16666666666666652,1.5,0,BI,72699
thompson,0.16666666666666652,1.6666666666666665,0,BI,72066
thompson,0.16666666666666652,1.833333333333333,0,BI,70339
thompson,0.16666666666666652,2.0,0,BI,77597
thompson,0.33333333333333304,-2.0,0,BI,33448
thompson,0.33333333333333304,-1.8333333333333333,0,BI,41816
thompson,0.33333333333333304,-1.6666666666666667,1,Partial,-1
thompson,0.33333333333333304,-1.5,0,BI,33934
thompson,0.33333333333333304,-1.3333333333333335,0,BI,34088
thompson,0.33333333333333304,-1.1666666666666667,0,BI,35669
thompson,0.33333333333333304,-1.0,0,BI,30850
thompson,0.33333333333333304,-0.8333333333333335,0,BI,37624
thompson,0.33333333333333304,-0.6666666666666667,0,BI,37872
thompson,0.33333333333333304,-0.5,3,Mixed,-1
thompson,0.33333333333333304,-0.3333333333333335,0,BI,31354
thompson,0.33333333333333304,-0.16666666666666674,0,BI,38808
thompson,0.33333333333333304,0.0,0,BI,42603
thompson,0.33333333333333304,0.16666666666666652,0,BI,52947
thompson,0.33333333333333304,0.33333333333333304,1,Partial,-1
thompson,0.33333333333333304,0.5,0,BI,42639
thompson,0.33333333333333304,0.6666666666666665,0,BI,52982
thompson,0.33333333333333304,0.833333333333333,0,BI,62372
thompson,0.33333333333333304,1.0,0,BI,58420
thompson,0.33333333333333304,1.1666666666666665,0,BI,59173
thompson,0.33333333333333304,1.333333333333333,0,BI,69863
thompson,0.33333333333333304,1.5,0,BI,64174
thompson,0.33333333333333304,1.6666666666666665,0,BI,74963
thompson,0.33333333333333304,1.833333333333333,0,BI,70506
thompson,0.33333333333333304,2.0,0,BI,74613
thompson,0.5,-2.0,0,BI,43817
thompson,0.5,-1.8333333333333333,0,BI,46285
thompson,0.5,-1.6666666666666667,0,BI,39484
thompson,0.5,-1.5,3,Mixed,-1
thompson,0.5,-1.3333333333333335,0,BI,46125
thompson,0.5,-1.1666666666666667,0,BI,34104
thompson,0.5,-1.0,0,BI,45938
thompson,0.5,-0.8333333333333335,0,BI,41416
thompson,0.5,-0.6666666666666667,0,BI,38705
thompson,0.5,-0.5,0,BI,44356
thompson,0.5,-0.3333333333333335,0,BI,33270
thompson,0.5,-0.16666666666666674,0,BI,34998
thompson,0.5,0.0,0,BI,36611
thompson,0.5,0.16666666666666652,0,BI,45902
thompson,0.5,0.33333333333333304,0,BI,47564
thompson,0.5,0.5,0,BI,53173
thompson,0.5,0.6666666666666665,0,BI,58881
thompson,0.5,0.833333333333333,2,Coop,-1
thompson,0.5,1.0,0,BI,55168
thompson,0.5,1.1666666666666665,0,BI,64084
thompson,0.5,1.333333333333333,0,BI,67370
thompson,0.5,1.5,0,BI,75502
thompson,0.5,1.6666666666666665,3,Mixed,-1
thompson,0.5,1.833333333333333,0,BI,73990
thompson,0.5,2.0,0,BI,79547
thompson,0.6666666666666665,-2.0,2,Coop,-1
thompson,0.6666666666666665,-1.8333333333333333,0,BI,41157
thompson,0.6666666666666665,-1.6666666666666667,1,Partial,-1
thompson,0.6666666666666665,-1.5,0,BI,47086
thompson,0.6666666666666665,-1.3333333333333335,0,BI,38656
thompson,0.6666666666666665,-1.1666666666666667,0,BI,48763
thompson,0.6666666666666665,-1.0,0,BI,45169
thompson,0.6666666666666665,-0.8333333333333335,0,BI,52524
thompson,0.6666666666666665,-0.6666666666666667,0,BI,43236
thompson,0.6666666666666665,-0.5,0,BI,41817
thompson,0.6666666666666665,-0.3333333333333335,0,BI,38064
thompson,0.6666666666666665,-0.16666666666666674,0,BI,37994
thompson,0.6666666666666665,0.0,0,BI,48084
thompson,0.6666666666666665,0.16666666666666652,1,Partial,-1
thompson,0.6666666666666665,0.33333333333333304,0,BI,58553
thompson,0.6666666666666665,0.5,0,BI,57004
thompson,0.6666666666666665,0.6666666666666665,0,BI,53420
thompson,0.6666666666666665,0.833333333333333,0,BI,56331
thompson,0.6666666666666665,1.0,0,BI,63513
thompson,0.6666666666666665,1.1666666666666665,0,BI,67992
thompson,0.6666666666666665,1.333333333333333,1,Partial,-1
thompson,0.6666666666666665,1.5,3,Mixed,-1
thompson,0.6666666666666665,1.6666666666666665,0,BI,79876
thompson,0.6666666666666665,1.833333333333333,0,BI,70949
thompson,0.6666666666666665,2.0,0,BI,79893
thompson,0.833333333333333,-2.0,0,BI,51095
thompson,0.833333333333333,-1.8333333333333333,0,BI,47816
thompson,0.833333333333333,-1.6666666666666667,0,BI,52775
thompson,0.833333333333333,-1.5,0,BI,55414
thompson,0.833333333333333,-1.3333333333333335,0,BI,41839
thompson,0.833333333333333,-1.1666666666666667,0,BI,46817
thompson,0.833333333333333,-1.0,0,BI,48787
thompson,0.833333333333333,-0.8333333333333335,0,BI,47383
thompson,0.833333333333333,-0.6666666666666667,0,BI,58121
thompson,0.833333333333333,-0.5,0,BI,47201
thompson,0.833333333333333,-0.3333333333333335,0,BI,44468
thompson,0.833333333333333,-0.16666666666666674,0,BI,35627
thompson,0.833333333333333,0.0,0,BI,45565
thompson,0.833333333333333,0.16666666666666652,0,BI,39660
thompson,0.833333333333333,0.33333333333333304,0,BI,48861
thompson,0.833333333333333,0.5,0,BI,53319
thompson,0.833333333333333,0.6666666666666665,0,BI,65422
thompson,0.833333333333333,0.833333333333333,0,BI,60445
thompson,0.833333333333333,1.0,0,BI,68553
thompson,0.833333333333333,1.1666666666666665,0,BI,69097
thompson,0.833333333333333,1.333333333333333,0,BI,68902
thompson,0.833333333333333,1.5,0,BI,78009
thompson,0.833333333333333,1.6666666666666665,0,BI,79907
thompson,0.833333333333333,1.833333333333333,0,BI,88714
thompson,0.833333333333333,2.0,3,Mixed,-1
thompson,1.0,-2.0,0,BI,46457
thompson,1.0,-1.8333333333333333,0,BI,42431
thompson,1.0,-1.6666666666666667,0,BI,51335
thompson,1.0,-1.5,0,BI,52543
thompson,1.0,-1.3333333333333335,0,BI,47584
thompson,1.0,-1.1666666666666667,0,BI,50733
thompson,1.0,-1.0,0,BI,58061
thompson,1.0,-0.8333333333333335,0,BI,54484
thompson,1.0,-0.6666666666666667,0,BI,39240
thompson,1.0,-0.5,0,BI,46404
thompson,1.0,-0.3333333333333335,0,BI,49343
thompson,1.0,-0.16666666666666674,0,BI,50384
thompson,1.0,0.0,0,BI,50843
thompson,1.0,0.16666666666666652,0,BI,55543
thompson,1.0,0.33333333333333304,0,BI,56173
thompson,1.0,0.5,0,BI,60094
thompson,1.0,0.6666666666666665,3,Mixed,-1
thompson,1.0,0.833333333333333,0,BI,68574
thompson,1.0,1.0,0,BI,73182
thompson,1.0,1.1666666666666665,3,Mixed,-1
thompson,1.0,1.333333333333333,0,BI,70948
thompson,1.0,1.5,0,BI,80542
thompson,1.0,1.6666666666666665,0,BI,82690
thompson,1.0,1.833333333333333,0,BI,77257
thompson,1.0,2.0,0,BI,90799
thompson,1.1666666666666665,-2.0,0,BI,48194
thompson,1.1666666666666665,-1.8333333333333333,0,BI,58180
thompson,1.1666666666666665,-1.6666666666666667,0,BI,55469
thompson,1.1666666666666665,-1.5,0,BI,47365
thompson,1.1666666666666665,-1.3333333333333335,0,BI,57929
thompson,1.1666666666666665,-1.1666666666666667,0,BI,60295
thompson,1.1666666666666665,-1.0,0,BI,52083
thompson,1.1666666666666665,-0.8333333333333335,0,BI,52661
thompson,1.1666666666666665,-0.6666666666666667,0,BI,57387
thompson,1.1666666666666665,-0.5,0,BI,59855
thompson,1.1666666666666665,-0.3333333333333335,0,BI,45020
thompson,1.1666666666666665,-0.16666666666666674,0,BI,47878
thompson,1.1666666666666665,0.0,0,BI,51279
thompson,1.1666666666666665,0.16666666666666652,0,BI,55126
thompson,1.1666666666666665,0.33333333333333304,0,BI,63898
thompson,1.1666666666666665,0.5,0,BI,69884
thompson,1.1666666666666665,0.6666666666666665,0,BI,73645
thompson,1.1666666666666665,0.833333333333333,0,BI,61582
thompson,1.1666666666666665,1.0,0,BI,69303
thompson,1.1666666666666665,1.1666666666666665,0,BI,70494
thompson,1.1666666666666665,1.333333333333333,3,Mixed,-1
thompson,1.1666666666666665,1.5,0,BI,80371
thompson,1.1666666666666665,1.6666666666666665,0,BI,86436
thompson,1.1666666666666665,1.833333333333333,0,BI,84266
thompson,1.1666666666666665,2.0,0,BI,92822
thompson,1.333333333333333,-2.0,0,BI,58712
thompson,1.333333333333333,-1.8333333333333333,0,BI,51175
thompson,1.333333333333333,-1.6666666666666667,0,BI,54857
thompson,1.333333333333333,-1.5,0,BI,47647
thompson,1.333333333333333,-1.3333333333333335,2,Coop,-1
thompson,1.333333333333333,-1.1666666666666667,0,BI,54891
thompson,1.333333333333333,-1.0,3,Mixed,-1
thompson,1.333333333333333,-0.8333333333333335,0,BI,57864
thompson,1.333333333333333,-0.6666666666666667,0,BI,61186
thompson,1.333333333333333,-0.5,3,Mixed,-1
thompson,1.333333333333333,-0.3333333333333335,0,BI,56130
thompson,1.333333333333333,-0.16666666666666674,0,BI,58905
thompson,1.333333333333333,0.0,0,BI,50697
thompson,1.333333333333333,0.16666666666666652,0,BI,60714
thompson,1.333333333333333,0.33333333333333304,0,BI,66523
thompson,1.333333333333333,0.5,0,BI,69170
thompson,1.333333333333333,0.6666666666666665,0,BI,66061
thompson,1.333333333333333,0.833333333333333,0,BI,70229
thompson,1.333333333333333,1.0,0,BI,66770
thompson,1.333333333333333,1.1666666666666665,0,BI,83739
thompson,1.333333333333333,1.333333333333333,0,BI,93703
thompson,1.333333333333333,1.5,0,BI,82069
thompson,1.333333333333333,1.6666666666666665,0,BI,95504
thompson,1.333333333333333,1.833333333333333,0,BI,103125
thompson,1.333333333333333,2.0,0,BI,94340
thompson,1.5,-2.0,0,BI,59470
thompson,1.5,-1.8333333333333333,0,BI,61268
thompson,1.5,-1.6666666666666667,0,BI,62338
thompson,1.5,-1.5,1,Partial,-1
thompson,1.5,-1.3333333333333335,0,BI,58191
thompson,1.5,-1.1666666666666667,0,BI,61400
thompson,1.5,-1.0,0,BI,59376
thompson,1.5,-0.8333333333333335,3,Mixed,-1
thompson,1.5,-0.6666666666666667,0,BI,54137
thompson,1.5,-0.5,1,Partial,-1
thompson,1.5,-0.3333333333333335,0,BI,52759
thompson,1.5,-0.16666666666666674,0,BI,55786
thompson,1.5,0.0,0,BI,61202
thompson,1.5,0.16666666666666652,0,BI,51234
thompson,1.5,0.33333333333333304,0,BI,72636
thompson,1.5,0.5,0,BI,68315
thompson,1.5,0.6666666666666665,0,BI,79162
thompson,1.5,0.833333333333333,3,Mixed,-1
thompson,1.5,1.0,0,BI,78977
thompson,1.5,1.1666666666666665,3,Mixed,-1
thompson,1.5,1.333333333333333,0,BI,98332
thompson,1.5,1.5,3,Mixed,-1
thompson,1.5,1.6666666666666665,0,BI,94294
thompson,1.5,1.833333333333333,0,BI,102287
thompson,1.5,2.0,0,BI,104737
thompson,1.6666666666666665,-2.0,0,BI,58475
thompson,1.6666666666666665,-1.8333333333333333,0,BI,56435
thompson,1.6666666666666665,-1.6666666666666667,0,BI,68098
thompson,1.6666666666666665,-1.5,0,BI,65898
thompson,1.6666666666666665,-1.3333333333333335,0,BI,66958
thompson,1.6666666666666665,-1.1666666666666667,0,BI,65914
thompson,1.6666666666666665,-1.0,0,BI,67335
thompson,1.6666666666666665,-0.8333333333333335,0,BI,67104
thompson,1.6666666666666665,-0.6666666666666667,0,BI,65090
thompson,1.6666666666666665,-0.5,0,BI,68684
thompson,1.6666666666666665,-0.3333333333333335,0,BI,62517
thompson,1.6666666666666665,-0.16666666666666674,0,BI,59608
thompson,1.6666666666666665,0.0,0,BI,59371
thompson,1.6666666666666665,0.16666666666666652,0,BI,65126
thompson,1.6666666666666665,0.33333333333333304,3,Mixed,-1
thompson,1.6666666666666665,0.5,0,BI,73484
thompson,1.6666666666666665,0.6666666666666665,0,BI,79709
thompson,1.6666666666666665,0.833333333333333,0,BI,87275
thompson,1.6666666666666665,1.0,0,BI,83348
thompson,1.6666666666666665,1.1666666666666665,0,BI,85859
thompson,1.6666666666666665,1.333333333333333,0,BI,86452
thompson,1.6666666666666665,1.5,0,BI,97697
thompson,1.6666666666666665,1.6666666666666665,3,Mixed,-1
thompson,1.6666666666666665,1.833333333333333,0,BI,96850
thompson,1.6666666666666665,2.0,3,Mixed,-1
thompson,1.833333333333333,-2.0,0,BI,58962
thompson,1.833333333333333,-1.8333333333333333,0,BI,66004
thompson,1.833333333333333,-1.6666666666666667,3,Mixed,-1
thompson,1.833333333333333,-1.5,0,BI,73469
thompson,1.833333333333333,-1.3333333333333335,0,BI,60122
thompson,1.833333333333333,-1.1666666666666667,3,Mixed,-1
thompson,1.833333333333333,-1.0,0,BI,77604
thompson,1.833333333333333,-0.8333333333333335,0,BI,60214
thompson,1.833333333333333,-0.6666666666666667,0,BI,61139
thompson,1.833333333333333,-0.5,0,BI,70577
thompson,1.833333333333333,-0.3333333333333335,0,BI,67849
thompson,1.833333333333333,-0.16666666666666674,0,BI,73515
thompson,1.833333333333333,0.0,0,BI,62972
thompson,1.833333333333333,0.16666666666666652,0,BI,74449
thompson,1.833333333333333,0.33333333333333304,0,BI,75009
thompson,1.833333333333333,0.5,0,BI,71929
thompson,1.833333333333333,0.6666666666666665,0,BI,76869
thompson,1.833333333333333,0.833333333333333,0,BI,83410
thompson,1.833333333333333,1.0,0,BI,82374
thompson,1.833333333333333,1.1666666666666665,0,BI,95627
thompson,1.833333333333333,1.333333333333333,0,BI,96976
thompson,1.833333333333333,1.5,0,BI,94225
thompson,1.833333333333333,1.6666666666666665,2,Coop,-1
thompson,1.833333333333333,1.833333333333333,3,Mixed,-1
thompson,1.833333333333333,2.0,0,BI,105535
thompson,2.0,-2.0,3,Mixed,-1
thompson,2.0,-1.8333333333333333,0,BI,73780
thompson,2.0,-1.6666666666666667,0,BI,57805
thompson,2.0,-1.5,0,BI,69328
thompson,2.0,-1.3333333333333335,0,BI,74826
thompson,2.0,-1.1666666666666667,3,Mixed,-1
thompson,2.0,-1.0,0,BI,76180
thompson,2.0,-0.8333333333333335,3,Mixed,-1
thompson,2.0,-0.6666666666666667,0,BI,66911
thompson,2.0,-0.5,0,BI,68419
thompson,2.0,-0.3333333333333335,0,BI,69302
thompson,2.0,-0.16666666666666674,3,Mixed,-1
thompson,2.0,0.0,0,BI,67749
thompson,2.0,0.16666666666666652,0,BI,66125
thompson,2.0,0.33333333333333304,0,BI,75619
thompson,2.0,0.5,0,BI,86175
thompson,2.0,0.6666666666666665,3,Mixed,-1
thompson,2.0,0.833333333333333,0,BI,85066
thompson,2.0,1.0,0,BI,95195
thompson,2.0,1.1666666666666665,0,BI,92954
thompson,2.0,1.333333333333333,0,BI,88897
thompson,2.0,1.5,0,BI,104089
thompson,2.0,1.6666666666666665,0,BI,98985
thompson,2.0,1.833333333333333,0,BI,112293
thompson,2.0,2.0,0,BI,105496
exp3,-2.0,-2.0,1,Partial,-1
exp3,-2.0,-1.8333333333333333,0,BI,16595
exp3,-2.0,-1.6666666666666667,0,BI,10640
exp3,-2.0,-1.5,0,BI,15297
exp3,-2.0,-1.3333333333333335,0,BI,11186
exp3,-2.0,-1.1666666666666667,0,BI,12165
exp3,-2.0,-1.0,0,BI,14454
exp3,-2.0,-0.8333333333333335,0,BI,8402
exp3,-2.0,-0.6666666666666667,0,BI,14806
exp3,-2.0,-0.5,0,BI,15037
exp3,-2.0,-0.3333333333333335,3,Mixed,-1
exp3,-2.0,-0.16666666666666674,0,BI,12047
exp3,-2.0,0.0,0,BI,17785
exp3,-2.0,0.16666666666666652,0,BI,17762
exp3,-2.0,0.33333333333333304,0,BI,18382
exp3,-2.0,0.5,0,BI,21682
exp3,-2.0,0.6666666666666665,0,BI,23146
exp3,-2.0,0.833333333333333,0,BI,23587
exp3,-2.0,1.0,0,BI,28872
exp3,-2.0,1.1666666666666665,0,BI,27078
exp3,-2.0,1.333333333333333,2,Coop,-1
exp3,-2.0,1.5,0,BI,30127
exp3,-2.0,1.6666666666666665,3,Mixed,-1
exp3,-2.0,1.833333333333333,0,BI,32775
exp3,-2.0,2.0,0,BI,38724
exp3,-1.8333333333333333,-2.0,0,BI,14741
exp3,-1.8333333333333333,-1.8333333333333333,0,BI,10892
exp3,-1.8333333333333333,-1.6666666666666667,0,BI,15052
exp3,-1.8333333333333333,-1.5,3,Mixed,-1
exp3,-1.8333333333333333,-1.3333333333333335,0,BI,15576
exp3,-1.8333333333333333,-1.1666666666666667,0,BI,13344
exp3,-1.8333333333333333,-1.0,0,BI,13505
exp3,-1.8333333333333333,-0.8333333333333335,0,BI,15983
exp3,-1.8333333333333333,-0.6666666666666667,0,BI,18532
exp3,-1.8333333333333333,-0.5,0,BI,11754
exp3,-1.8333333333333333,-0.3333333333333335,0,BI,18945
exp3,-1.8333333333333333,-0.16666666666666674,0,BI,16596
exp3,-1.8333333333333333,0.0,0,BI,14408
exp3,-1.8333333333333333,0.16666666666666652,0,BI,17491
exp3,-1.8333333333333333,0.33333333333333304,0,BI,19883
exp3,-1.8333333333333333,0.5,0,BI,17277
exp3,-1.8333333333333333,0.6666666666666665,3,Mixed,-1
exp3,-1.8333333333333333,0.833333333333333,0,BI,22943
exp3,-1.8333333333333333,1.0,0,BI,30059
exp3,-1.8333333333333333,1.1666666666666665,0,BI,26683
exp3,-1.8333333333333333,1.333333333333333,0,BI,27882
exp3,-1.8333333333333333,1.5,0,BI,33432
exp3,-1.8333333333333333,1.6666666666666665,0,BI,28106
exp3,-1.8333333333333333,1.833333333333333,0,BI,32666
exp3,-1.8333333333333333,2.0,3,Mixed,-1
exp3,-1.6666666666666667,-2.0,3,Mixed,-1
exp3,-1.6666666666666667,-1.8333333333333333,0,BI,13926
exp3,-1.6666666666666667,-1.6666666666666667,3,Mixed,-1
exp3,-1.6666666666666667,-1.5,0,BI,16471
exp3,-1.6666666666666667,-1.3333333333333335,3,Mixed,-1
exp3,-1.6666666666666667,-1.1666666666666667,3,Mixed,-1
exp3,-1.6666666666666667,-1.0,0,BI,15119
exp3,-1.6666666666666667,-0.8333333333333335,0,BI,15829
exp3,-1.6666666666666667,-0.6666666666666667,0,BI,13208
exp3,-1.6666666666666667,-0.5,0,BI,15392
exp3,-1.6666666666666667,-0.3333333333333335,3,Mixed,-1
exp3,-1.6666666666666667,-0.16666666666666674,0,BI,16064
exp3,-1.6666666666666667,0.0,0,BI,15047
exp3,-1.6666666666666667,0.16666666666666652,0,BI,21177
exp3,-1.6666666666666667,0.33333333333333304,0,BI,17856
exp3,-1.6666666666666667,0.5,0,BI,17608
exp3,-1.6666666666666667,0.6666666666666665,0,BI,22847
exp3,-1.6666666666666667,0.833333333333333,0,BI,22550
exp3,-1.6666666666666667,1.0,0,BI,24998
exp3,-1.6666666666666667,1.1666666666666665,0,BI,23540
exp3,-1.6666666666666667,1.333333333333333,0,BI,29844
exp3,-1.6666666666666667,1.5,2,Coop,-1
exp3,-1.6666666666666667,1.6666666666666665,0,BI,31282
exp3,-1.6666666666666667,1.833333333333333,0,BI,31151
exp3,-1.6666666666666667,2.0,0,BI,33009
exp3,-1.5,-2.0,0,BI,15847
exp3,-1.5,-1.8333333333333333,0,BI,11639
exp3,-1.5,-1.6666666666666667,0,BI,10991
exp3,-1.5,-1.5,2,Coop,-1
exp3,-1.5,-1.3333333333333335,3,Mixed,-1
exp3,-1.5,-1.1666666666666667,0,BI,17979
exp3,-1.5,-1.0,0,BI,13519
exp3,-1.5,-0.8333333333333335,0,BI,18446
exp3,-1.5,-0.6666666666666667,0,BI,11887
exp3,-1.5,-0.5,0,BI,11184
exp3,-1.5,-0.3333333333333335,0,BI,15081
exp3,-1.5,-0.16666666666666674,0,BI,15534
exp3,-1.5,0.0,0,BI,14526
exp3,-1.5,0.16666666666666652,3,Mixed,-1
exp3,-1.5,0.33333333333333304,0,BI,23274
exp3,-1.5,0.5,0,BI,16089
exp3,-1.5,0.6666666666666665,0,BI,19419
exp3,-1.5,0.833333333333333,2,Coop,-1
exp3,-1.5,1.0,3,Mixed,-1
exp3,-1.5,1.1666666666666665,3,Mixed,-1
exp3,-1.5,1.333333333333333,0,BI,25007
exp3,-1.5,1.5,0,BI,29097
exp3,-1.5,1.6666666666666665,0,BI,22988
exp3,-1.5,1.833333333333333,0,BI,31956
exp3,-1.5,2.0,3,Mixed,-1
exp3,-1.3333333333333335,-2.0,0,BI,12434
exp3,-1.3333333333333335,-1.8333333333333333,0,BI,8489
exp3,-1.3333333333333335,-1.6666666666666667,0,BI,15497
exp3,-1.3333333333333335,-1.5,0,BI,18089
exp3,-1.3333333333333335,-1.3333333333333335,0,BI,12322
exp3,-1.3333333333333335,-1.1666666666666667,0,BI,10553
exp3,-1.3333333333333335,-1.0,0,BI,15799
exp3,-1.3333333333333335,-0.8333333333333335,0,BI,15869
exp3,-1.3333333333333335,-0.6666666666666667,0,BI,13781
exp3,-1.3333333333333335,-0.5,0,BI,13310
exp3,-1.3333333333333335,-0.3333333333333335,3,Mixed,-1
exp3,-1.3333333333333335,-0.16666666666666674,0,BI,15085
exp3,-1.3333333333333335,0.0,0,BI,12425
exp3,-1.3333333333333335,0.16666666666666652,0,BI,14794
exp3,-1.3333333333333335,0.33333333333333304,0,BI,21376
exp3,-1.3333333333333335,0.5,0,BI,22051
exp3,-1.3333333333333335,0.6666666666666665,0,BI,19010
exp3,-1.3333333333333335,0.833333333333333,0,BI,20337
exp3,-1.3333333333333335,1.0,0,BI,23849
exp3,-1.3333333333333335,1.1666666666666665,3,Mixed,-1
exp3,-1.3333333333333335,1.333333333333333,0,BI,25494
exp3,-1.3333333333333335,1.5,3,Mixed,-1
exp3,-1.3333333333333335,1.6666666666666665,0,BI,35315
exp3,-1.3333333333333335,1.833333333333333,0,BI,29033
exp3,-1.3333333333333335,2.0,0,BI,39505
exp3,-1.1666666666666667,-2.0,0,BI,15957
exp3,-1.1666666666666667,-1.8333333333333333,0,BI,16421
exp3,-1.1666666666666667,-1.6666666666666667,0,BI,15263
exp3,-1.1666666666666667,-1.5,0,BI,11028
exp3,-1.1666666666666667,-1.3333333333333335,0,BI,16982
exp3,-1.1666666666666667,-1.1666666666666667,0,BI,15083
exp3,-1.1666666666666667,-1.0,0,BI,12609
exp3,-1.1666666666666667,-0.8333333333333335,0,BI,17704
exp3,-1.1666666666666667,-0.6666666666666667,0,BI,17488
exp3,-1.1666666666666667,-0.5,2,Coop,-1
exp3,-1.1666666666666667,-0.3333333333333335,0,BI,16664
exp3,-1.1666666666666667,-0.16666666666666674,0,BI,16053
exp3,-1.1666666666666667,0.0,0,BI,13604
exp3,-1.1666666666666667,0.16666666666666652,0,BI,13916
exp3,-1.1666666666666667,0.33333333333333304,3,Mixed,-1
exp3,-1.1666666666666667,0.5,1,Partial,-1
exp3,-1.1666666666666667,0.6666666666666665,0,BI,22811
exp3,-1.1666666666666667,0.833333333333333,3,Mixed,-1
exp3,-1.1666666666666667,1.0,0,BI,29186
exp3,-1.1666666666666667,1.1666666666666665,0,BI,27802
exp3,-1.1666666666666667,1.333333333333333,0,BI,26996
exp3,-1.1666666666666667,1.5,0,BI,29849
exp3,-1.1666666666666667,1.6666666666666665,0,BI,32803
exp3,-1.1666666666666667,1.833333333333333,0,BI,33816
exp3,-1.1666666666666667,2.0,3,Mixed,-1
exp3,-1.0,-2.0,0,BI,18299
exp3,-1.0,-1.8333333333333333,0,BI,16747
exp3,-1.0,-1.6666666666666667,0,BI,16052
exp3,-1.0,-1.5,0,BI,9616
exp3,-1.0,-1.3333333333333335,0,BI,17742
exp3,-1.0,-1.1666666666666667,0,BI,13802
exp3,-1.0,-1.0,0,BI,12843
exp3,-1.0,-0.8333333333333335,0,BI,17649
exp3,-1.0,-0.6666666666666667,0,BI,16542
exp3,-1.0,-0.5,0,BI,18029
exp3,-1.0,-0.3333333333333335,1,Partial,-1
exp3,-1.0,-0.16666666666666674,0,BI,15653
exp3,-1.0,0.0,0,BI,15174
exp3,-1.0,0.16666666666666652,0,BI,15067
exp3,-1.0,0.33333333333333304,0,BI,21457
exp3,-1.0,0.5,0,BI,16212
exp3,-1.0,0.6666666666666665,0,BI,19953
exp3,-1.0,0.833333333333333,0,BI,22954
exp3,-1.0,1.0,0,BI,29533
exp3,-1.0,1.1666666666666665,0,BI,25023
exp3,-1.0,1.333333333333333,0,BI,29685
exp3,-1.0,1.5,0,BI,29616
exp3,-1.0,1.6666666666666665,0,BI,28703
exp3,-1.0,1.833333333333333,0,BI,34635
exp3,-1.0,2.0,0,BI,34264
exp3,-0.8333333333333335,-2.0,0,BI,13679
exp3,-0.8333333333333335,-1.8333333333333333,0,BI,11679
exp3,-0.8333333333333335,-1.6666666666666667,3,Mixed,-1
exp3,-0.8333333333333335,-1.5,0,BI,15193
exp3,-0.8333333333333335,-1.3333333333333335,0,BI,17225
exp3,-0.8333333333333335,-1.1666666666666667,0,BI,17588
exp3,-0.8333333333333335,-1.0,0,BI,11258
exp3,-0.8333333333333335,-0.8333333333333335,0,BI,13374
exp3,-0.8333333333333335,-0.6666666666666667,0,BI,12695
exp3,-0.8333333333333335,-0.5,0,BI,12490
exp3,-0.8333333333333335,-0.3333333333333335,3,Mixed,-1
exp3,-0.8333333333333335,-0.16666666666666674,0,BI,14791
exp3,-0.8333333333333335,0.0,0,BI,15464
exp3,-0.8333333333333335,0.16666666666666652,0,BI,20413
exp3,-0.8333333333333335,0.33333333333333304,0,BI,21452
exp3,-0.8333333333333335,0.5,0,BI,22974
exp3,-0.8333333333333335,0.6666666666666665,0,BI,24200
exp3,-0.8333333333333335,0.833333333333333,0,BI,24972
exp3,-0.8333333333333335,1.0,2,Coop,-1
exp3,-0.8333333333333335,1.1666666666666665,3,Mixed,-1
exp3,-0.8333333333333335,1.333333333333333,0,BI,24492
exp3,-0.8333333333333335,1.5,0,BI,29462
exp3,-0.8333333333333335,1.6666666666666665,0,BI,32358
exp3,-0.8333333333333335,1.833333333333333,0,BI,31171
exp3,-0.8333333333333335,2.0,0,BI,39238
exp3,-0.6666666666666667,-2.0,0,BI,14182
exp3,-0.6666666666666667,-1.8333333333333333,3,Mixed,-1
exp3,-0.6666666666666667,-1.6666666666666667,0,BI,10941
exp3,-0.6666666666666667,-1.5,0,BI,16411
exp3,-0.6666666666666667,-1.3333333333333335,3,Mixed,-1
exp3,-0.6666666666666667,-1.1666666666666667,0,BI,12450
exp3,-0.6666666666666667,-1.0,0,BI,12839
exp3,-0.6666666666666667,-0.8333333333333335,0,BI,14647
exp3,-0.6666666666666667,-0.6666666666666667,2,Coop,-1
exp3,-0.6666666666666667,-0.5,0,BI,13908
exp3,-0.6666666666666667,-0.3333333333333335,0,BI,10983
exp3,-0.6666666666666667,-0.16666666666666674,0,BI,19373
exp3,-0.6666666666666667,0.0,0,BI,18453
exp3,-0.6666666666666667,0.16666666666666652,0,BI,15409
exp3,-0.6666666666666667,0.33333333333333304,0,BI,18992
exp3,-0.6666666666666667,0.5,1,Partial,-1
exp3,-0.6666666666666667,0.6666666666666665,0,BI,19920
exp3,-0.6666666666666667,0.833333333333333,0,BI,21157
exp3,-0.6666666666666667,1.0,0,BI,29262
exp3,-0.6666666666666667,1.1666666666666665,0,BI,25914
exp3,-0.6666666666666667,1.333333333333333,0,BI,29353
exp3,-0.6666666666666667,1.5,1,Partial,-1
exp3,-0.6666666666666667,1.6666666666666665,3,Mixed,-1
exp3,-0.6666666666666667,1.833333333333333,0,BI,34464
exp3,-0.6666666666666667,2.0,0,BI,38542
exp3,-0.5,-2.0,0,BI,16703
exp3,-0.5,-1.8333333333333333,0,BI,14537
exp3,-0.5,-1.6666666666666667,2,Coop,-1
exp3,-0.5,-1.5,0,BI,13451
exp3,-0.5,-1.3333333333333335,0,BI,13035
exp3,-0.5,-1.1666666666666667,1,Partial,-1
exp3,-0.5,-1.0,0,BI,11547
exp3,-0.5,-0.8333333333333335,0,BI,20353
exp3,-0.5,-0.6666666666666667,0,BI,13123
exp3,-0.5,-0.5,0,BI,10961
exp3,-0.5,-0.3333333333333335,0,BI,9911
exp3,-0.5,-0.16666666666666674,2,Coop,-1
exp3,-0.5,0.0,0,BI,13626
exp3,-0.5,0.16666666666666652,0,BI,18815
exp3,-0.5,0.33333333333333304,0,BI,18396
exp3,-0.5,0.5,0,BI,15200
exp3,-0.5,0.6666666666666665,0,BI,20433
exp3,-0.5,0.833333333333333,0,BI,26942
exp3,-0.5,1.0,0,BI,24302
exp3,-0.5,1.1666666666666665,0,BI,25967
exp3,-0.5,1.333333333333333,0,BI,30309
exp3,-0.5,1.5,1,Partial,-1
exp3,-0.5,1.6666666666666665,0,BI,32516
exp3,-0.5,1.833333333333333,0,BI,30813
exp3,-0.5,2.0,0,BI,32207
exp3,-0.3333333333333335,-2.0,0,BI,9637
exp3,-0.3333333333333335,-1.8333333333333333,0,BI,16332
exp3,-0.3333333333333335,-1.6666666666666667,0,BI,13329
exp3,-0.3333333333333335,-1.5,2,Coop,-1
exp3,-0.3333333333333335,-1.3333333333333335,3,Mixed,-1
exp3,-0.3333333333333335,-1.1666666666666667,0,BI,17513
exp3,-0.3333333333333335,-1.0,0,BI,16769
exp3,-0.3333333333333335,-0.8333333333333335,0,BI,15022
exp3,-0.3333333333333335,-0.6666666666666667,0,BI,17662
exp3,-0.3333333333333335,-0.5,0,BI,9649
exp3,-0.3333333333333335,-0.3333333333333335,0,BI,16044
exp3,-0.3333333333333335,-0.16666666666666674,0,BI,17117
exp3,-0.3333333333333335,0.0,0,BI,14026
exp3,-0.3333333333333335,0.16666666666666652,0,BI,20643
exp3,-0.3333333333333335,0.33333333333333304,0,BI,15863
exp3,-0.3333333333333335,0.5,0,BI,21336
exp3,-0.3333333333333335,0.6666666666666665,0,BI,21946
exp3,-0.3333333333333335,0.833333333333333,0,BI,27694
exp3,-0.3333333333333335,1.0,0,BI,24297
exp3,-0.3333333333333335,1.1666666666666665,0,BI,27729
exp3,-0.3333333333333335,1.333333333333333,0,BI,28597
exp3,-0.3333333333333335,1.5,0,BI,26181
exp3,-0.3333333333333335,1.6666666666666665,0,BI,31301
exp3,-0.3333333333333335,1.833333333333333,0,BI,31851
exp3,-0.3333333333333335,2.0,0,BI,35281
exp3,-0.16666666666666674,-2.0,0,BI,16112
exp3,-0.16666666666666674,-1.8333333333333333,0,BI,18354
exp3,-0.16666666666666674,-1.6666666666666667,0,BI,9173
exp3,-0.16666666666666674,-1.5,0,BI,15001
exp3,-0.16666666666666674,-1.3333333333333335,0,BI,11757
exp3,-0.16666666666666674,-1.1666666666666667,0,BI,16372
exp3,-0.16666666666666674,-1.0,0,BI,20548
exp3,-0.16666666666666674,-0.8333333333333335,0,BI,14160
exp3,-0.16666666666666674,-0.6666666666666667,0,BI,13026
exp3,-0.16666666666666674,-0.5,0,BI,13817
exp3,-0.16666666666666674,-0.3333333333333335,1,Partial,-1
exp3,-0.16666666666666674,-0.16666666666666674,0,BI,11788
exp3,-0.16666666666666674,0.0,0,BI,14250
exp3,-0.16666666666666674,0.16666666666666652,0,BI,16541
exp3,-0.16666666666666674,0.33333333333333304,0,BI,24885
exp3,-0.16666666666666674,0.5,0,BI,17220
exp3,-0.16666666666666674,0.6666666666666665,0,BI,22368
exp3,-0.16666666666666674,0.833333333333333,0,BI,27729
exp3,-0.16666666666666674,1.0,0,BI,24867
exp3,-0.16666666666666674,1.1666666666666665,0,BI,29725
exp3,-0.16666666666666674,1.333333333333333,0,BI,25035
exp3,-0.16666666666666674,1.5,2,Coop,-1
exp3,-0.16666666666666674,1.6666666666666665,3,Mixed,-1
exp3,-0.16666666666666674,1.833333333333333,0,BI,32825
exp3,-0.16666666666666674,2.0,0,BI,38093
exp3,0.0,-2.0,1,Partial,-1
exp3,0.0,-1.8333333333333333,0,BI,13856
exp3,0.0,-1.6666666666666667,0,BI,14310
exp3,0.0,-1.5,0,BI,17351
exp3,0.0,-1.3333333333333335,3,Mixed,-1
exp3,0.0,-1.1666666666666667,0,BI,13483
exp3,0.0,-1.0,0,BI,15528
exp3,0.0,-0.8333333333333335,0,BI,10308
exp3,0.0,-0.6666666666666667,0,BI,16549
exp3,0.0,-0.5,0,BI,13439
exp3,0.0,-0.3333333333333335,0,BI,14538
exp3,0.0,-0.16666666666666674,0,BI,17242
exp3,0.0,0.0,0,BI,18187
exp3,0.0,0.16666666666666652,0,BI,18295
exp3,0.0,0.33333333333333304,0,BI,15489
exp3,0.0,0.5,0,BI,21496
exp3,0.0,0.6666666666666665,0,BI,23337
exp3,0.0,0.833333333333333,0,BI,24476
exp3,0.0,1.0,0,BI,28639
exp3,0.0,1.1666666666666665,0,BI,26876
exp3,0.0,1.333333333333333,0,BI,31859
exp3,0.0,1.5,0,BI,33508
exp3,0.0,1.6666666666666665,0,BI,33411
exp3,0.0,1.833333333333333,0,BI,34074
exp3,0.0,2.0,3,Mixed,-1
exp3,0.16666666666666652,-2.0,0,BI,17824
exp3,0.16666666666666652,-1.8333333333333333,0,BI,18626
exp3,0.16666666666666652,-1.6666666666666667,0,BI,17443
exp3,0.16666666666666652,-1.5,0,BI,16435
exp3,0.16666666666666652,-1.3333333333333335,0,BI,13623
exp3,0.16666666666666652,-1.1666666666666667,0,BI,15090
exp3,0.16666666666666652,-1.0,0,BI,14146
exp3,0.16666666666666652,-0.8333333333333335,0,BI,18793
exp3,0.16666666666666652,-0.6666666666666667,0,BI,16274
exp3,0.16666666666666652,-0.5,0,BI,17222
exp3,0.16666666666666652,-0.3333333333333335,0,BI,15468
exp3,0.16666666666666652,-0.16666666666666674,0,BI,19437
exp3,0.16666666666666652,0.0,0,BI,18158
exp3,0.16666666666666652,0.16666666666666652,0,BI,18579
exp3,0.16666666666666652,0.33333333333333304,0,BI,19867
exp3,0.16666666666666652,0.5,0,BI,19623
exp3,0.16666666666666652,0.6666666666666665,0,BI,21809
exp3,0.16666666666666652,0.833333333333333,0,BI,21185
exp3,0.16666666666666652,1.0,0,BI,28211
exp3,0.16666666666666652,1.1666666666666665,1,Partial,-1
exp3,0.16666666666666652,1.333333333333333,0,BI,28258
exp3,0.16666666666666652,1.5,0,BI,33121
exp3,0.16666666666666652,1.6666666666666665,0,BI,30811
exp3,0.16666666666666652,1.833333333333333,0,BI,30093
exp3,0.16666666666666652,2.0,0,BI,37540
exp3,0.33333333333333304,-2.0,0,BI,14421
exp3,0.33333333333333304,-1.8333333333333333,0,BI,20031
exp3,0.33333333333333304,-1.6666666666666667,1,Partial,-1
exp3,0.33333333333333304,-1.5,0,BI,17578
exp3,0.33333333333333304,-1.3333333333333335,2,Coop,-1
exp3,0.33333333333333304,-1.1666666666666667,3,Mixed,-1
exp3,0.33333333333333304,-1.0,0,BI,17160
exp3,0.33333333333333304,-0.8333333333333335,0,BI,19944
exp3,0.33333333333333304,-0.6666666666666667,0,BI,21236
exp3,0.33333333333333304,-0.5,0,BI,16305
exp3,0.33333333333333304,-0.3333333333333335,0,BI,18089
exp3,0.33333333333333304,-0.16666666666666674,0,BI,17073
exp3,0.33333333333333304,0.0,0,BI,21370
exp3,0.33333333333333304,0.16666666666666652,0,BI,18506
exp3,0.33333333333333304,0.33333333333333304,0,BI,18663
exp3,0.33333333333333304,0.5,0,BI,25063
exp3,0.33333333333333304,0.6666666666666665,0,BI,28337
exp3,0.33333333333333304,0.833333333333333,0,BI,28241
exp3,0.33333333333333304,1.0,1,Partial,-1
exp3,0.33333333333333304,1.1666666666666665,0,BI,35030
exp3,0.33333333333333304,1.333333333333333,3,Mixed,-1
exp3,0.33333333333333304,1.5,0,BI,35892
exp3,0.33333333333333304,1.6666666666666665,0,BI,39421
exp3,0.33333333333333304,1.833333333333333,0,BI,35436
exp3,0.33333333333333304,2.0,0,BI,40092
exp3,0.5,-2.0,3,Mixed,-1
exp3,0.5,-1.8333333333333333,0,BI,20397
exp3,0.5,-1.6666666666666667,0,BI,21563
exp3,0.5,-1.5,0,BI,22213
exp3,0.5,-1.3333333333333335,0,BI,24885
exp3,0.5,-1.1666666666666667,0,BI,18735
exp3,0.5,-1.0,0,BI,24906
exp3,0.5,-0.8333333333333335,0,BI,20009
exp3,0.5,-0.6666666666666667,0,BI,18143
exp3,0.5,-0.5,0,BI,18786
exp3,0.5,-0.3333333333333335,0,BI,21407
exp3,0.5,-0.16666666666666674,0,BI,17800
exp3,0.5,0.0,0,BI,19162
exp3,0.5,0.16666666666666652,0,BI,22522
exp3,0.5,0.33333333333333304,0,BI,27218
exp3,0.5,0.5,1,Partial,-1
exp3,0.5,0.6666666666666665,0,BI,28801
exp3,0.5,0.833333333333333,3,Mixed,-1
exp3,0.5,1.0,0,BI,23676
exp3,0.5,1.1666666666666665,0,BI,30925
exp3,0.5,1.333333333333333,0,BI,34299
exp3,0.5,1.5,0,BI,34488
exp3,0.5,1.6666666666666665,0,BI,35502
exp3,0.5,1.833333333333333,0,BI,37956
exp3,0.5,2.0,0,BI,40487
exp3,0.6666666666666665,-2.0,2,Coop,-1
exp3,0.6666666666666665,-1.8333333333333333,2,Coop,-1
exp3,0.6666666666666665,-1.6666666666666667,0,BI,19770
exp3,0.6666666666666665,-1.5,0,BI,23240
exp3,0.6666666666666665,-1.3333333333333335,0,BI,19655
exp3,0.6666666666666665,-1.1666666666666667,0,BI,22299
exp3,0.6666666666666665,-1.0,3,Mixed,-1
exp3,0.6666666666666665,-0.8333333333333335,0,BI,23717
exp3,0.6666666666666665,-0.6666666666666667,1,Partial,-1
exp3,0.6666666666666665,-0.5,0,BI,20375
exp3,0.6666666666666665,-0.3333333333333335,3,Mixed,-1
exp3,0.6666666666666665,-0.16666666666666674,0,BI,21175
exp3,0.6666666666666665,0.0,1,Partial,-1
exp3,0.6666666666666665,0.16666666666666652,3,Mixed,-1
exp3,0.6666666666666665,0.33333333333333304,0,BI,23334
exp3,0.6666666666666665,0.5,0,BI,26222
exp3,0.6666666666666665,0.6666666666666665,0,BI,24008
exp3,0.6666666666666665,0.833333333333333,0,BI,29422
exp3,0.6666666666666665,1.0,0,BI,27411
exp3,0.6666666666666665,1.1666666666666665,1,Partial,-1
exp3,0.6666666666666665,1.333333333333333,0,BI,33842
exp3,0.6666666666666665,1.5,0,BI,35448
exp3,0.6666666666666665,1.6666666666666665,0,BI,37453
exp3,0.6666666666666665,1.833333333333333,0,BI,38859
exp3,0.6666666666666665,2.0,0,BI,42120
exp3,0.833333333333333,-2.0,0,BI,22300
exp3,0.833333333333333,-1.8333333333333333,1,Partial,-1
exp3,0.833333333333333,-1.6666666666666667,0,BI,21016
exp3,0.833333333333333,-1.5,0,BI,18538
exp3,0.833333333333333,-1.3333333333333335,0,BI,22958
exp3,0.833333333333333,-1.1666666666666667,0,BI,23924
exp3,0.833333333333333,-1.0,0,BI,20675
exp3,0.833333333333333,-0.8333333333333335,0,BI,19767
exp3,0.833333333333333,-0.6666666666666667,0,BI,25286
exp3,0.833333333333333,-0.5,0,BI,18618
exp3,0.833333333333333,-0.3333333333333335,0,BI,22348
exp3,0.833333333333333,-0.16666666666666674,0,BI,20368
exp3,0.833333333333333,0.0,0,BI,17528
exp3,0.833333333333333,0.16666666666666652,0,BI,27823
exp3,0.833333333333333,0.33333333333333304,2,Coop,-1
exp3,0.833333333333333,0.5,0,BI,30037
exp3,0.833333333333333,0.6666666666666665,0,BI,29302
exp3,0.833333333333333,0.833333333333333,0,BI,33779
exp3,0.833333333333333,1.0,0,BI,33202
exp3,0.833333333333333,1.1666666666666665,0,BI,39260
exp3,0.833333333333333,1.333333333333333,3,Mixed,-1
exp3,0.833333333333333,1.5,0,BI,37650
exp3,0.833333333333333,1.6666666666666665,0,BI,42636
exp3,0.833333333333333,1.833333333333333,0,BI,40437
exp3,0.833333333333333,2.0,0,BI,44195
exp3,1.0,-2.0,3,Mixed,-1
exp3,1.0,-1.8333333333333333,0,BI,29760
exp3,1.0,-1.6666666666666667,0,BI,29064
exp3,1.0,-1.5,0,BI,25739
exp3,1.0,-1.3333333333333335,0,BI,21208
exp3,1.0,-1.1666666666666667,0,BI,25541
exp3,1.0,-1.0,0,BI,22256
exp3,1.0,-0.8333333333333335,0,BI,23480
exp3,1.0,-0.6666666666666667,0,BI,23652
exp3,1.0,-0.5,0,BI,22237
exp3,1.0,-0.3333333333333335,0,BI,25551
exp3,1.0,-0.16666666666666674,0,BI,23205
exp3,1.0,0.0,0,BI,24423
exp3,1.0,0.16666666666666652,1,Partial,-1
exp3,1.0,0.33333333333333304,0,BI,29633
exp3,1.0,0.5,0,BI,27555
exp3,1.0,0.6666666666666665,0,BI,30765
exp3,1.0,0.833333333333333,0,BI,34680
exp3,1.0,1.0,0,BI,35740
exp3,1.0,1.1666666666666665,0,BI,37604
exp3,1.0,1.333333333333333,0,BI,37978
exp3,1.0,1.5,0,BI,37040
exp3,1.0,1.6666666666666665,0,BI,43739
exp3,1.0,1.833333333333333,0,BI,43265
exp3,1.0,2.0,0,BI,43359
exp3,1.1666666666666665,-2.0,3,Mixed,-1
exp3,1.1666666666666665,-1.8333333333333333,0,BI,24834
exp3,1.1666666666666665,-1.6666666666666667,0,BI,25149
exp3,1.1666666666666665,-1.5,0,BI,27810
exp3,1.1666666666666665,-1.3333333333333335,0,BI,25351
exp3,1.1666666666666665,-1.1666666666666667,1,Partial,-1
exp3,1.1666666666666665,-1.0,0,BI,30137
exp3,1.1666666666666665,-0.8333333333333335,0,BI,25168
exp3,1.1666666666666665,-0.6666666666666667,0,BI,23891
exp3,1.1666666666666665,-0.5,0,BI,26719
exp3,1.1666666666666665,-0.3333333333333335,0,BI,28883
exp3,1.1666666666666665,-0.16666666666666674,0,BI,26807
exp3,1.1666666666666665,0.0,0,BI,25386
exp3,1.1666666666666665,0.16666666666666652,1,Partial,-1
exp3,1.1666666666666665,0.33333333333333304,0,BI,29886
exp3,1.1666666666666665,0.5,0,BI,30606
exp3,1.1666666666666665,0.6666666666666665,0,BI,31908
exp3,1.1666666666666665,0.833333333333333,0,BI,35823
exp3,1.1666666666666665,1.0,0,BI,35626
exp3,1.1666666666666665,1.1666666666666665,2,Coop,-1
exp3,1.1666666666666665,1.333333333333333,0,BI,37174
exp3,1.1666666666666665,1.5,1,Partial,-1
exp3,1.1666666666666665,1.6666666666666665,0,BI,41505
exp3,1.1666666666666665,1.833333333333333,0,BI,46894
exp3,1.1666666666666665,2.0,0,BI,46227
exp3,1.333333333333333,-2.0,0,BI,30004
exp3,1.333333333333333,-1.8333333333333333,0,BI,28578
exp3,1.333333333333333,-1.6666666666666667,0,BI,31573
exp3,1.333333333333333,-1.5,0,BI,27846
exp3,1.333333333333333,-1.3333333333333335,3,Mixed,-1
exp3,1.333333333333333,-1.1666666666666667,0,BI,28172
exp3,1.333333333333333,-1.0,3,Mixed,-1
exp3,1.333333333333333,-0.8333333333333335,0,BI,32278
exp3,1.333333333333333,-0.6666666666666667,0,BI,30796
exp3,1.333333333333333,-0.5,2,Coop,-1
exp3,1.333333333333333,-0.3333333333333335,3,Mixed,-1
exp3,1.333333333333333,-0.16666666666666674,3,Mixed,-1
exp3,1.333333333333333,0.0,0,BI,25926
exp3,1.333333333333333,0.16666666666666652,3,Mixed,-1
exp3,1.333333333333333,0.33333333333333304,0,BI,29214
exp3,1.333333333333333,0.5,0,BI,35523
exp3,1.333333333333333,0.6666666666666665,3,Mixed,-1
exp3,1.333333333333333,0.833333333333333,0,BI,40348
exp3,1.333333333333333,1.0,0,BI,38061
exp3,1.333333333333333,1.1666666666666665,0,BI,38001
exp3,1.333333333333333,1.333333333333333,0,BI,40495
exp3,1.333333333333333,1.5,3,Mixed,-1
exp3,1.333333333333333,1.6666666666666665,0,BI,42113
exp3,1.333333333333333,1.833333333333333,0,BI,47476
exp3,1.333333333333333,2.0,0,BI,45464
exp3,1.5,-2.0,3,Mixed,-1
exp3,1.5,-1.8333333333333333,0,BI,25877
exp3,1.5,-1.6666666666666667,0,BI,30024
exp3,1.5,-1.5,0,BI,32061
exp3,1.5,-1.3333333333333335,0,BI,32040
exp3,1.5,-1.1666666666666667,3,Mixed,-1
exp3,1.5,-1.0,1,Partial,-1
exp3,1.5,-0.8333333333333335,0,BI,31588
exp3,1.5,-0.6666666666666667,0,BI,27206
exp3,1.5,-0.5,0,BI,29324
exp3,1.5,-0.3333333333333335,0,BI,31484
exp3,1.5,-0.16666666666666674,0,BI,28744
exp3,1.5,0.0,0,BI,28768
exp3,1.5,0.16666666666666652,0,BI,32239
exp3,1.5,0.33333333333333304,0,BI,37615
exp3,1.5,0.5,0,BI,36950
exp3,1.5,0.6666666666666665,0,BI,32604
exp3,1.5,0.833333333333333,0,BI,38640
exp3,1.5,1.0,3,Mixed,-1
exp3,1.5,1.1666666666666665,0,BI,39145
exp3,1.5,1.333333333333333,0,BI,44692
exp3,1.5,1.5,3,Mixed,-1
exp3,1.5,1.6666666666666665,0,BI,47166
exp3,1.5,1.833333333333333,0,BI,47791
exp3,1.5,2.0,0,BI,52148
exp3,1.6666666666666665,-2.0,0,BI,32833
exp3,1.6666666666666665,-1.8333333333333333,0,BI,32932
exp3,1.6666666666666665,-1.6666666666666667,0,BI,29096
exp3,1.6666666666666665,-1.5,3,Mixed,-1
exp3,1.6666666666666665,-1.3333333333333335,0,BI,31423
exp3,1.6666666666666665,-1.1666666666666667,0,BI,35457
exp3,1.6666666666666665,-1.0,0,BI,33171
exp3,1.6666666666666665,-0.8333333333333335,0,BI,29286
exp3,1.6666666666666665,-0.6666666666666667,0,BI,31860
exp3,1.6666666666666665,-0.5,0,BI,32502
exp3,1.6666666666666665,-0.3333333333333335,1,Partial,-1
exp3,1.6666666666666665,-0.16666666666666674,3,Mixed,-1
exp3,1.6666666666666665,0.0,0,BI,31278
exp3,1.6666666666666665,0.16666666666666652,3,Mixed,-1
exp3,1.6666666666666665,0.33333333333333304,0,BI,33923
exp3,1.6666666666666665,0.5,0,BI,36301
exp3,1.6666666666666665,0.6666666666666665,0,BI,34531
exp3,1.6666666666666665,0.833333333333333,0,BI,39415
exp3,1.6666666666666665,1.0,0,BI,37002
exp3,1.6666666666666665,1.1666666666666665,3,Mixed,-1
exp3,1.6666666666666665,1.333333333333333,3,Mixed,-1
exp3,1.6666666666666665,1.5,0,BI,49238
exp3,1.6666666666666665,1.6666666666666665,0,BI,51217
exp3,1.6666666666666665,1.833333333333333,0,BI,48703
exp3,1.6666666666666665,2.0,0,BI,51495
exp3,1.833333333333333,-2.0,0,BI,31204
exp3,1.833333333333333,-1.8333333333333333,2,Coop,-1
exp3,1.833333333333333,-1.6666666666666667,0,BI,36333
exp3,1.833333333333333,-1.5,2,Coop,-1
exp3,1.833333333333333,-1.3333333333333335,0,BI,32175
exp3,1.833333333333333,-1.1666666666666667,0,BI,34360
exp3,1.833333333333333,-1.0,0,BI,32866
exp3,1.833333333333333,-0.8333333333333335,3,Mixed,-1
exp3,1.833333333333333,-0.6666666666666667,0,BI,32058
exp3,1.833333333333333,-0.5,0,BI,33419
exp3,1.833333333333333,-0.3333333333333335,0,BI,34467
exp3,1.833333333333333,-0.16666666666666674,3,Mixed,-1
exp3,1.833333333333333,0.0,0,BI,30877
exp3,1.833333333333333,0.16666666666666652,0,BI,34662
exp3,1.833333333333333,0.33333333333333304,0,BI,34900
exp3,1.833333333333333,0.5,0,BI,38782
exp3,1.833333333333333,0.6666666666666665,0,BI,41218
exp3,1.833333333333333,0.833333333333333,0,BI,36203
exp3,1.833333333333333,1.0,3,Mixed,-1
exp3,1.833333333333333,1.1666666666666665,3,Mixed,-1
exp3,1.833333333333333,1.333333333333333,0,BI,49526
exp3,1.833333333333333,1.5,0,BI,47170
exp3,1.833333333333333,1.6666666666666665,0,BI,49278
exp3,1.833333333333333,1.833333333333333,0,BI,54560
exp3,1.833333333333333,2.0,0,BI,56549
exp3,2.0,-2.0,0,BI,34057
exp3,2.0,-1.8333333333333333,2,Coop,-1
exp3,2.0,-1.6666666666666667,0,BI,34125
exp3,2.0,-1.5,0,BI,31213
exp3,2.0,-1.3333333333333335,0,BI,35803
exp3,2.0,-1.1666666666666667,0,BI,35563
exp3,2.0,-1.0,0,BI,36731
exp3,2.0,-0.8333333333333335,0,BI,35505
exp3,2.0,-0.6666666666666667,0,BI,39079
exp3,2.0,-0.5,0,BI,36937
exp3,2.0,-0.3333333333333335,0,BI,36382
exp3,2.0,-0.16666666666666674,2,Coop,-1
exp3,2.0,0.0,0,BI,34419
exp3,2.0,0.16666666666666652,0,BI,39578
exp3,2.0,0.33333333333333304,3,Mixed,-1
exp3,2.0,0.5,0,BI,39858
exp3,2.0,0.6666666666666665,0,BI,44714
exp3,2.0,0.833333333333333,0,BI,38788
exp3,2.0,1.0,0,BI,46899
exp3,2.0,1.1666666666666665,0,BI,46430
exp3,2.0,1.333333333333333,1,Partial,-1
exp3,2.0,1.5,0,BI,51049
exp3,2.0,1.6666666666666665,0,BI,55033
exp3,2.0,1.833333333333333,0,BI,52147
exp3,2.0,2.0,3,Mixed,-1
